image_id,split,caption,modality,kind,phrase,term,n_terms,marked
ROCOv2_2023_train_000003,train,Computed tomography of the chest showing the right breast nodule with irregular margins,CT,finding,right breast nodule,nodule,1,False
ROCOv2_2023_train_000009,train,Computed tomography of the head on Day 22 shows dilated left lateral ventricle with parenchymal hemorrhage in the right frontal lobe (black arrows) and intraventricular hemorrhage (white arrow) despite ventriculostomy tubes.,CT,finding,ventricle parenchymal hemorrhage in the right frontal lobe,hemorrhage,1,True
ROCOv2_2023_train_000010,train,Preop CT showing left orbital floor fracture,CT,finding,left orbital floor fracture,fracture,1,False
ROCOv2_2023_train_000012,train,Enhanced magnetic resonance imaging of head revealed bilateral cerebral and cerebellar hemispheres abnormal meningeal enhancement.,MRI,finding,hemispheres abnormal meningeal enhancement,enhancement,1,False
ROCOv2_2023_train_000013,train,"Enhanced magnetic resonance imaging of spinal cord delineated multiple enhancement nodules in spinal cord, cauda equina, and cristae membrane (arrow).",MRI,finding,cord delineated enhancement,enhancement,2,True
ROCOv2_2023_train_000022,train,"Abdominopelvic ultrasound scan showed ectopic kidneys at the hemi-pelvis, fused in their upper poles, normal size and texture of the kidneys with normal corticomedullary differentiation, no stones or obstructive changes",ultrasound,normal,,,0,False
ROCOv2_2023_train_000025,train,Right coronary angiography showing the presence of the right coronary sinus of Valsalva (RCSV) with a coronary arteriovenous fistula (CAFs) draining into the pulmonary artery,angiography,finding,coronary arteriovenous fistula,fistula,1,False
ROCOv2_2023_train_000027,train,"New CTA of abdomen showing huge variegated hematoma (yellow arrows) suggesting recent hemorrhage.CTA, CT with angiography",CT,finding,huge variegated hematoma,hematoma,2,True
ROCOv2_2023_train_000028,train,Chest CT scan revealed fibrosis within the irregular strip located in dorsal anasal segment of lower lobes.,CT,finding,fibrosis within the irregular strip located,fibrosis,1,False
ROCOv2_2023_train_000032,train,Chest radiograph showing reticular opacities prominent in bilateral mid and lower zones.,X-ray,finding,reticular opacities,opacities,1,False
ROCOv2_2023_train_000033,train,CT chest showing ground-glass opacities with bilateral minimal pleural effusion.,CT,finding,ground-glass,ground-glass,3,False
ROCOv2_2023_train_000038,train,"Abdominal CT. Abdominal CT shows a mass communicated with the small intestinal lumen (white arrow), and the outer and inner margins of the mass are irregular. A lymph node involvement is observed in the adjacent mesentery (red arrow)",CT,finding,mass,mass,1,True
ROCOv2_2023_train_000039,train,"Abdominal CT. After enhancement, abdominal CT shows a small low-density lesion in the seventh segment of the liver (black arrow)",CT,finding,after enhancement,enhancement,2,True
ROCOv2_2023_train_000040,train,Chest CT. Chest CT shows an irregular contours mass in anterior mediastinum with mild heterogenetic enhancement (white arrow),CT,finding,irregular contours mass in anterior mediastinum,mass,2,True
ROCOv2_2023_train_000052,train,Cervical Spine MRISagittal MRI of the cervical spine demonstrated nodular contrast enhancement of the lesion at the cervicomedullary junction.,MRI,finding,nodular enhancement of the lesion at the,enhancement,2,False
ROCOv2_2023_train_000053,train,Cervical Spine MRI showing rapid enlargement. Sagittal MRI of the cervical spine demonstrated substantial and rapid enlargement of the contrast enhancing lesion at the cervicomedullary junction.,MRI,finding,rapid enlargement,enlargement,2,False
ROCOv2_2023_train_000056,train,"Radiological image (axial cuts)Axial cut, soft tissue window contrast computed tomography of the neck showing a heterogeneously enhancing lesion of both sides of the supraglottis extending to the right pyriform sinus (lower arrow) invading the thyroid cartilage (upper arrow).",CT,finding,heterogeneously enhancing lesion of both sides of,lesion,1,True
ROCOv2_2023_train_000057,train,Chest radiograph (postero-anterior view) with calcification in the right heart border (arrows).,X-ray,finding,calcification in the right heart border,calcification,1,True
ROCOv2_2023_train_000058,train,Chest computed tomography (axial view) with cystic lesion in the pericardium (arrows).,CT,finding,cystic lesion in the pericardium,lesion,1,True
ROCOv2_2023_train_000059,train,Transthoracic 4 chamber echocardiogram poorly defined pericardial mass overlying right atrial border (arrow) [18],ultrasound,finding,poorly defined pericardial mass,mass,1,True
ROCOv2_2023_train_000061,train,"Transoesophageal echocardiography showing mid esophageal 20° view. Left atrium tumor. RA right atrium, LA left atrium",ultrasound,finding,left atrium tumor,tumor,1,False
ROCOv2_2023_train_000062,train,"Computed tomography; Transverse section: 6 cm defect involving the right atrium and the right inferior pulmonary vein, which appears markedly enlarged",CT,finding,cm defect involving the right atrium,defect,1,False
ROCOv2_2023_train_000063,train,MRI of the patient showed a soft/hard tissue mass (37 mm × 30 mm × 42 mm) in the anterior/posterior compartment of the left lower leg.,MRI,finding,soft hard tissue mass,mass,1,False
ROCOv2_2023_train_000067,train,PA chest X-ray revealed a well-demarcated 6 cm peripheral opacity in the left lower lobe nearly by the diaphragm.,X-ray,finding,well-demarcated cm peripheral opacity in the left lower lobe,opacity,1,False
ROCOv2_2023_train_000072,train,CT scan showing lesion in right hemimandible.,CT,finding,lesion in right hemimandible,lesion,1,False
ROCOv2_2023_train_000075,train,X-ray hip. Crescent sign. Arrows showing the hypointense crescent.(Courtesy  ,X-ray,finding,hypointense,hypointense,1,True
ROCOv2_2023_train_000076,train,"MRI left hip T1T1 MRI image encircled, showing osteonecrosis in the femoral headband-like lesion.MRI: Magnetic resonance imaging",MRI,finding,femoral headband-like lesion,lesion,1,True
ROCOv2_2023_train_000081,train,Ultrasonogram of thyroid showing calcifications with hypoechoic lesion (label).,ultrasound,finding,thyroid calcifications,calcifications,2,False
ROCOv2_2023_train_000089,train,Chest X-ray showing the massive cardiomegaly.,X-ray,finding,massive cardiomegaly,cardiomegaly,1,False
ROCOv2_2023_train_000090,train,"FDG-PET showed accumulation, with a maximum standardized uptake value of 2.9 for the lesion, and the possibility of malignancy could not be excluded",PET,finding,lesion,lesion,1,False
ROCOv2_2023_train_000092,train,"Grey-scale sonographic image of the same invasive lobular carcinoma shown in Fig. 1. Note the typical sonographic presentation with irregular margins, posterior acoustic shadowing, and disruption of normal fascial planes. Calipers are placed on the image to delineate margins of the mass",ultrasound,finding,same invasive lobular carcinoma,carcinoma,2,False
ROCOv2_2023_train_000093,train,"Chest radiography, posterior view showing pneumothorax at right.",X-ray,finding,posterior pneumothorax at right,pneumothorax,1,False
ROCOv2_2023_train_000094,train,Computed tomography. Post-operative 2 years computed tomography at portal phase showing multicentric recurrence of hepatocellular carcinoma in the liver.,CT,finding,recurrence hepatocellular carcinoma in the liver,carcinoma,1,False
ROCOv2_2023_train_000096,train,"Normal upper abdominal CT scan with intravenous contrast medium. Gastric pouch (long arrow), staple line crossing the gastric body and defunctioning the distal stomach (short arrow). Note the undistended gastric remnant and normal calibre small bowel.",CT,normal,,,0,True
ROCOv2_2023_train_000097,train,"Upper abdominal CT scan with IV contrast enhancement 10 days post bypass procedure, showing a large irregular abscess containing gas and semi-solid material in the upper abdomen (short arrows). Note the upper margin of the gastric staple line (long arrow). The collection was drained percutaneously but a further laparotomy was required to repair a leak at the gastro-jejunostomy site.",CT,finding,iv enhancement,enhancement,2,True
ROCOv2_2023_train_000105,train,CT of the abdomen showing a fatty mass (arrow) at the center of the transplant kidney.,CT,finding,fatty mass,mass,1,True
ROCOv2_2023_train_000107,train,"A 68-year-old woman with a palpable mass in the left breast.Ultrasonography (US) shows a circumscribed, oval-shaped, hypoechoic mass (arrow) with posterior acoustic enhancement in the left breast. A US-guided biopsy confirmed triple-negative breast cancer.",ultrasound,finding,palpable mass in the left breast,mass,2,True
ROCOv2_2023_train_000108,train,Chest radiograph demonstrating a right-sided apical cavitary lesion (yellow arrow) and a chemotherapy port (blue arrow).,X-ray,finding,right-sided apical cavitary lesion,lesion,1,True
ROCOv2_2023_train_000109,train,Axial reformatted CT chest with IV contrast demonstrating a cavitary lesion with internal dependent debris and an air-fluid level in the right upper lobe apical and anterior segment measuring 5.7 × 5.7 × 5.8 cm (yellow arrow).CT: computed tomography; IV: intravenous,CT,finding,cavitary lesion,lesion,1,True
ROCOv2_2023_train_000110,train,"Chest radiograph demonstrating a right-sided pneumothorax (red arrow), a right-sided apical cavitary lesion (yellow arrow), a chemotherapy port (blue arrow), and a PICC line (green arrow).PICC: peripherally inserted central catheter",X-ray,finding,right-sided pneumothorax,pneumothorax,2,True
ROCOv2_2023_train_000111,train,"Chest radiograph demonstrating a right-sided pneumothorax (red arrow), a right-sided apical cavitary lesion (yellow arrow), a chemotherapy port (blue arrow), a PICC line (green arrow), and a chest tube (white arrow).PICC: peripherally inserted central catheter",X-ray,finding,right-sided pneumothorax,pneumothorax,2,True
ROCOv2_2023_train_000112,train,"Chest radiograph demonstrating a right-sided pneumothorax (red arrow), a right-sided apical cavitary lesion (yellow arrow), a chemotherapy port (blue arrow), a PICC line (green arrow), and a pigtail catheter (white arrow).PICC: peripherally inserted central catheter",X-ray,finding,right-sided pneumothorax,pneumothorax,2,True
ROCOv2_2023_train_000119,train,The second event of stent thrombosis. Coronary angiogram is showing good distal flow (thrombolysis in myocardial infarction III) after stent implantation in proximal left anterior descending artery with overlapping proximal part of the previous stent (arrow).,angiography,finding,event stent thrombosis,thrombosis,2,True
ROCOv2_2023_train_000120,train,Transfontanelle sonography shows large cyst-like cisterna magna that suggested cerebellar hypoplasia and slightly dilated frontal horns of the lateral ventricles.,ultrasound,finding,cyst,cyst,1,False
ROCOv2_2023_train_000121,train,"Axial contrast enhanced MRI: extensive JA with a typical pattern of spread into the cancellous bone of the basisphenoid along the vidian canal (white dotted line); on the contralateral side, black arrows indicate the right vidian nerve. Moreover, the lesion spreads deeply into the pterygomaxillary fossa toward the masticatory muscles, with anterior displacement of the posterior maxillary wall (white arrowheads). Asterisks indicate the foramen ovale bilaterally. TM: temporalis muscle; MM: masseter muscle.",MRI,finding,lesion,lesion,1,True
ROCOv2_2023_train_000127,train,Well-defined solid homogeneous mediastinal mass in chest CT scan of case 1.,CT,finding,solid homogeneous mediastinal mass in chest ct scan,mass,1,False
ROCOv2_2023_train_000129,train,"Abdominal CT scan. An axial contrast‐enhanced computed tomography (CT) image of the abdomen shows an inhomogeneous, large, nonenhanced hypodense lesion measuring 13.6 × 11.6 × 20 cm, occupying most of the right liver with exophytic components encroaching the upper right suprarenal region and displacing the right kidney inferiorly",CT,finding,nonenhanced hypodense lesion,lesion,1,False
ROCOv2_2023_train_000132,train,Pretreatment computed tomography revealed a metastatic bone tumor in the ninth thoracic vertebral arch.,CT,finding,metastatic bone tumor in the ninth thoracic vertebral,tumor,1,False
ROCOv2_2023_train_000133,train,"Axial source image from an intracranial magnetic resonance angiogram reveals abnormal arterial signal elevation in the left more than right cavernous sinuses consistent with a carotid cavernous fistula, as indicated by the arrow.",MRI,finding,carotid cavernous fistula,fistula,1,True
ROCOv2_2023_train_000134,train,"Frontal view from a left common carotid artery angiogram demonstrates multiple arterial feeders from the left internal carotid artery and external carotid artery to the high flow indirect carotid cavernous fistula (single arrow). There is arterialization of the bilateral cavernous sinuses, circular sinus, and left superior ophthalmic vein (double arrows).""Left"" indicates the patient's left side.",angiography,finding,indirect carotid cavernous fistula,fistula,1,True
ROCOv2_2023_train_000144,train,Sagittal view of the lumbar spine MRI showing a cystic lesion in the anterior epidural space with high signal intensity on T2-weighted image.,MRI,finding,cystic lesion in the anterior epidural space,lesion,1,False
ROCOv2_2023_train_000147,train,Brain CT scan taken after the occurrence of seizure shows minimal intracerebral hematoma and fluid collection (arrow) in the left side.,CT,finding,minimal intracerebral hematoma,hematoma,1,True
ROCOv2_2023_train_000157,train,Panoramic radiograph showing osteomyelitis in the right mandibula due to extraction of the right mandibular second molar tooth.,X-ray,finding,panoramic osteomyelitis in the right mandibula due,osteomyelitis,1,False
ROCOv2_2023_train_000162,train,Chest radiograph showing a large mediastinal opacity.,X-ray,finding,mediastinal opacity,opacity,1,False
ROCOv2_2023_train_000163,train,CT chest showing a mediastinal haematoma with active contrast extravasation.,CT,finding,mediastinal haematoma,haematoma,1,False
ROCOv2_2023_train_000165,train,Axial CT image of the brain without contrast was unremarkable.,CT,normal,,,0,False
ROCOv2_2023_train_000169,train,Pleural effusion and consolidation on chest X-ray of the patient.,X-ray,finding,pleural effusion,pleural effusion,2,False
ROCOv2_2023_train_000172,train,Cardiac MRI first-pass perfusion imaging showing mass originating on the atrial septum and extending along the atrial aspect of the anterior mitral valve leaflet.,MRI,finding,perfusion imaging mass,mass,1,False
ROCOv2_2023_train_000178,train,"Anterior chest X-ray of the centenarian patient showed a thickening of the peribronchial and bronchilovascular interstitium, probably due to interstitial disease.",X-ray,finding,thickening of the peribronchial,thickening,1,False
ROCOv2_2023_train_000182,train,Chest x-ray showing bilateral diffuse non-homogenous opacities.,X-ray,finding,bilateral diffuse non-homogenous opacities,opacities,1,False
ROCOv2_2023_train_000183,train,Panoramic radiograph shows the lesion as a well-defined radiopacity surrounded by a radiolucent halo with secondary inferior displacement and oblique horizontal impaction of the right mandibular second premolar.,X-ray,finding,lesion,lesion,1,False
ROCOv2_2023_train_000185,train,"Enhanced CT.Notes: This enhanced CT shows a 13 cm right renal tumor that invades the pancreas (arrows), duodenum (arrowheads), and inferior vena cava (asterisk). The second part of the duodenum shows stenosis because of the protruding right renal tumor.Abbreviation: CT, computed tomography.",CT,finding,cm right renal tumor,tumor,2,True
ROCOv2_2023_train_000186,train,"PET scan.Notes: Scan shows accumulation of FDG in the right renal tumor (arrows). Maximum SVU is >40.Abbreviations: PET, positron emission tomography; FDG, fluorine-18-deoxyglucose; SUV, standardized uptake value.",PET,finding,right renal tumor,tumor,1,True
ROCOv2_2023_train_000187,train,"Enhanced CT at 5 weeks after starting treatment with axitinib.Notes: Tumor degeneration is observed (black triangle). The lumen of the second part of the duodenum (arrowheads) is wider, due to tumor shrinkage compared with the pretreatment state. Three arrows show the head of the pancreas, and the asterisk shows inferior vena cava.Abbreviation: CT, computed tomography.",CT,finding,tumor,tumor,1,True
ROCOv2_2023_train_000192,train,Preoperative magnetic resonance imaging with enhancement. Coronal view of a T2-weighted fat-suppressed image.,MRI,finding,imaging enhancement,enhancement,1,False
ROCOv2_2023_train_000193,train,Axial CT scan showed a huge left sacral expansive lesions with marginal sclerosis(S1-2),CT,finding,left sacral expansive lesions,lesions,1,False
ROCOv2_2023_train_000194,train,T2-weighted image showed a right sacral mass as a dumbbell-shaped configuration and mixed low signal intensity on the basis of high signal intensity,MRI,finding,right sacral mass,mass,1,False
ROCOv2_2023_train_000195,train,T1-weighted image showed a right sacral mass as a dumbbell-shaped configuration and mixed high signal intensity on the basis of low signal intensity,MRI,finding,right sacral mass,mass,1,False
ROCOv2_2023_train_000196,train,T1-weighted image showed a right sacral mass with low signal intensity,MRI,finding,right sacral mass,mass,1,False
ROCOv2_2023_train_000197,train,The enhanced T1-weighted image showed a right sacral mass with uneven enhancement,MRI,finding,right sacral mass,mass,2,False
ROCOv2_2023_train_000200,train,Chest X-ray showing free air under diaphragm (single arrow head) along with the Bochdalek hernia on the right side (double arrow head).,X-ray,finding,bochdalek hernia,hernia,1,True
ROCOv2_2023_train_000201,train,"Magnetic resonance cholangiopancreatography (MRCP).The cystic duct and common bile duct are markedly distended with a smooth and short narrowing (solid arrow) at the distal aspect. No biliary stone is identified. The main pancreatic duct (dotted arrow) is not involved. Along the distal common duct, there is an area of ill-defined increased T2-weighted signal. The adjacent duodenal wall (*) shows prominently increased T2-weighted signal that reflects oedema which can be reactive to an infiltrative disease.",MRI,finding,signal reflects oedema,oedema,1,True
ROCOv2_2023_train_000202,train,Computed tomography (CT) of the chest confirms a large right pleural effusion with collapse of the middle and lower lobe.The bulging nodular hypoenhancing mass (*) in the right lower lobe is suspicious for primary bronchogenic malignancy.,CT,finding,right pleural effusion,pleural effusion,2,False
ROCOv2_2023_train_000203,train,Whole-body positron emission tomography with fluorine-18 fluorodeoxyglucose (FDG). Intense FDG uptake in the ascending colon and mild focal metabolic activity in the left internal jugular region and diffuse increased FDG activity related to splenic lesions associated with splenomegaly.,PET,finding,related splenic lesions,lesions,1,False
ROCOv2_2023_train_000205,train,"Computed tomography scan of the thorax showing a large lobulated mass in the right upper lobe, measuring 3.3×1.6 cm.",CT,finding,lobulated mass in the right upper lobe,mass,1,False
ROCOv2_2023_train_000210,train,Computed tomographic image of the fibrosarcoma of the rostral maxilla and dorsolateral muzzle in case #1. Note the invasion of the lesion into the medial alveolus of the canine tooth (white asterisks) and the soft tissue mass on the lateral aspect of the maxilla (white arrows). This image is representative of all three cases.,CT,finding,invasion lesion,lesion,2,True
ROCOv2_2023_train_000211,train,Chest radiograph shows focal consolidation of the right lower lung.,X-ray,finding,focal consolidation of the right lower lung,consolidation,1,False
ROCOv2_2023_train_000215,train,T1-weighted MRI scan of Guyon's canal. The arrow indicates the fatty mass reported as lying atop Guyon's canal.,MRI,finding,indicates fatty mass,mass,1,True
ROCOv2_2023_train_000220,train,Echocardiogram: an apical four-chamber view showing a 2.2 × 1.4 cm left ventricular thrombus.,ultrasound,finding,cm left ventricular thrombus,thrombus,1,False
ROCOv2_2023_train_000222,train,Contrast-enhanced CT image shows 3.6 × 4.5 × 3.1 cm well defined heterogeneous enhancing mass in paraaortic space (arrow).,CT,finding,defined heterogeneous enhancing mass in paraaortic space,mass,1,True
ROCOv2_2023_train_000223,train,Magnetic resonance imaging (MRI) of the lumbar spine demonstrating discitis and vertebral osteomyelitis. T1 post-contrast sagittal MRI demonstrating enhancement at the L3–4 intervertebral disc space with erosions in the adjacent endplates (arrow),MRI,finding,discitis vertebral osteomyelitis,osteomyelitis,2,True
ROCOv2_2023_train_000228,train,cervical CT axial view: increased angulation of the right C1 anterior arch fracture (blue arrow),CT,finding,c anterior arch fracture,fracture,1,True
ROCOv2_2023_train_000229,train,Magnetic resonance imaging (MRI) at 15 min since contrast injection. MRI enhanced with gadoxetate sodium showing a faint uptake of the contrast medium at the central area of the hepatic mass,MRI,finding,hepatic mass,mass,1,False
ROCOv2_2023_train_000234,train,"Preoperative transthoracic echocardiography. The right atrial tumor (40 × 20 mm) originated from the interatrial septum. The tumor had a tail-like surface projection, which prolapsed into the right ventricle during diastole. RV, right ventricle; RA, right atrium.",ultrasound,finding,right atrial tumor,tumor,1,False
ROCOv2_2023_train_000235,train,"Post-op MRI Brain, T1W axial section showing a well-defined lobulated non-enhancing cystic lesion in right parietal lobe communicating with right lateral ventricle with dilated occipital horn.",MRI,finding,lobulated non-enhancing cystic lesion in right parietal lobe,lesion,1,False
ROCOv2_2023_train_000241,train,FDG PET/CT scans showing metabolic response to therapy. Response in the 26 year old female with classic Hodgkin's lymphoma with sirolimus and vorinostat after 6 lines of therapy. Pre-treatment scans show extensive lymphoma. Scans after 3 cycles of therapy show an exceptional response and decreased SUV activity.,PET/CT,finding,classic hodgkin s lymphoma,lymphoma,1,False
ROCOv2_2023_train_000242,train,"Ultrasound scan in axial plane at the level ofthe fetal pelvic region, shows the bladder brought forward by the cystic mass of dense content (white arrow), at the midsagittal septum (yellow arrow).",ultrasound,finding,cystic mass of dense content,mass,1,True
ROCOv2_2023_train_000243,train,"Ultrasound scan after the bladder was completely empty, shows the septated cystic mass (white arrow) occupying the region of the newborn's uterus.",ultrasound,finding,septated cystic mass,mass,1,True
ROCOv2_2023_train_000245,train,"Anteroposterior radiograph of the pelvis from a 3-year-old girl shows the normal articulation of the proximal femurs with hip joints; however, there is slight breakage of the left Shenton line.",X-ray,normal,,,0,False
ROCOv2_2023_train_000246,train,Large area splenic infarct based on CT angiography of the portal venous system.,CT,finding,area splenic infarct,infarct,1,False
ROCOv2_2023_train_000250,train,Chest X-ray findings of COVID-19 pneumonia: frontal radiograph of the chest demonstrates low lung volumes with bilateral perihilar ground glass opacities and peripheral airspace consolidations (blue arrows) in a predominately mid and lower lobe distribution.,X-ray,finding,findings covid- pneumonia,pneumonia,4,True
ROCOv2_2023_train_000251,train,Early stage COVID-19 (0–4 days): Axial CT scan of the chest in a 52-year-old man with COVID-19 predominantly demonstrates peripheral ground glass opacities (blue arrows).,CT,finding,predominantly peripheral ground glass,ground glass,2,True
ROCOv2_2023_train_000252,train,Myocardial infarction (MI) in a 56-year-old man: Two chamber post-contrast cardiac MRI shows transmural delayed enhancement consistent with MI involving the inferolateral base of the left ventricle.,MRI,finding,myocardial infarction,infarction,2,False
ROCOv2_2023_train_000253,train,"Acute thromboembolic infarction in a 57-year-old: Axial non-contrast CT scan demonstrates left hyperdense middle cerebral artery (MCA) sign (blue arrow), with increased density in the M1 segment of the left MCA, consistent with acute thromboembolic occlusion. There is subtle loss of gray-white matter differentiation, hypodensity, and engorgement along the left insular ribbon and temporal operculum (loss of insular ribbon sign), reflecting acute infarction (green arrow).",CT,finding,acute thromboembolic infarction in a,infarction,3,True
ROCOv2_2023_train_000254,train,"Intracranial hemorrhage in a 60-year-old: Axial non-contrast CT scan demonstrates intraparenchymal hemorrhage within the right basal ganglia and thalamus, with associated intraventricular extension, dilatation, and midline shift (blue arrow).",CT,finding,intracranial hemorrhage in a,hemorrhage,2,True
ROCOv2_2023_train_000255,train,Guillain-Barré syndrome: Axial post-contrast T1 MRI of lumbar spine demonstrates diffuse enhancement without enlargement of the ventral and dorsal nerve roots (blue arrows).,MRI,finding,spine diffuse enhancement,enhancement,1,True
ROCOv2_2023_train_000256,train,"Axial post-contrast CT scan demonstrates diffuse bowel wall thickening of the distal duodenum and jejunum (blue arrow), indicative of gastroenteritis.",CT,finding,diffuse bowel wall thickening of the distal duodenum,thickening,1,True
ROCOv2_2023_train_000259,train,Image of this patient’s computed tomography with the foreign body located near the gastroesophageal junction (arrow).,CT,finding,foreign body,foreign body,1,True
ROCOv2_2023_train_000266,train,Thin-layer computed tomography demonstrating a small thickening of the right mid ureter.,CT,finding,small thickening of the right mid ureter,thickening,1,False
ROCOv2_2023_train_000269,train,"Ultrasound image of a nodule in a patient with Classic Kaposi Sarcoma. The formation is homogeneous, hypoechoic, with clear and well-defined contours. It involves the epidermis and derma and it is associated to ectasia of local-regional vessels in adipose sub-cutaneous tissue.",ultrasound,finding,nodule in a patient,nodule,3,False
ROCOv2_2023_train_000278,train,A cross-sectional slice of CT abdomen showing left colonic mass with extramural extension.,CT,finding,left colonic mass,mass,1,False
ROCOv2_2023_train_000279,train,CT scan of a 69-years-old male with IPF and squamous cell carcinoma.,CT,finding,squamous cell carcinoma,carcinoma,1,False
ROCOv2_2023_train_000285,train,Lumbar magnetic resonance imaging on the second day of hospitalization. The image shows an extensive epidural abscess with evidence of discitis in the L5/S1 region,MRI,finding,extensive epidural abscess,abscess,1,False
ROCOv2_2023_train_000286,train,Positron emission tomography performed 10 days prior to presentation showing fludeoxyglucose uptake in the proximal appendix without surrounding inflammation consistent with appendiceal metastasis (arrow).,PET,finding,consistent appendiceal metastasis,metastasis,1,True
ROCOv2_2023_train_000289,train,MRI (T1-weighted with gadolinium) at detection of seeded metastasis September 2009.,MRI,finding,detection seeded metastasis,metastasis,1,False
ROCOv2_2023_train_000290,train,"Postoperative contrast‐enhanced chest computed tomography. The right heart returns to a normal contour (black arrows), and the tricuspid annulus is repaired with a prosthetic annulus (white arrow).",CT,normal,,,0,True
ROCOv2_2023_train_000291,train,Sagittal MRI image showing the rectal tumour commencing approximately 9 cm from the anal verge and extending 10 cm proximally into the distal sigmoid colon.,MRI,finding,rectal tumour,tumour,1,False
ROCOv2_2023_train_000293,train,MRI image of the subcutaneous lesion.,MRI,finding,subcutaneous lesion,lesion,1,False
ROCOv2_2023_train_000295,train,"Computed tomography image of abdomen showing ascites, peritoneal enhancement and aortic thrombosis.",CT,finding,peritoneal enhancement,enhancement,2,False
ROCOv2_2023_train_000299,train,Bladder ultrasound showing trabeculation and bladder wall thickening.,ultrasound,finding,bladder wall thickening,thickening,1,False
ROCOv2_2023_train_000302,train,Three-Month-Old Child with Preoperative Renal Calculi on Ultrasound. Ureterorenoscopy Revealed Calcified Papillae,ultrasound,finding,preoperative renal calculi,calculi,1,False
ROCOv2_2023_train_000306,train,CT scan with frontal view of inferior vena cava thrombus,CT,finding,inferior vena cava thrombus,thrombus,1,False
ROCOv2_2023_train_000307,train,CT scan with sagittal view of inferior vena cava thrombus,CT,finding,inferior vena cava thrombus,thrombus,1,False
ROCOv2_2023_train_000308,train,Computed tomography revealing thickening of the jejunal wall (arrows).,CT,finding,thickening of the jejunal wall,thickening,1,True
ROCOv2_2023_train_000314,train,"Coronal FLAIR brain magnetic resonance image dated November 5, 2018 where a roughly 8 mm-sized lesion with peripheral contrast enhancement in correlation with a metastatic lesion is seen at the left occipital horn posterior area. FLAIR: fluid-attenuated inversion recovery",MRI,finding,roughly mm-sized lesion,lesion,2,False
ROCOv2_2023_train_000317,train,"Coronal FLAIR brain magnetic resonance image on April 25, 2019 with the same sequences as that of the brain MRI performed on November 5, 2018 reveals a roughly 8-mm-sized lesion with peripheral contrast enhancement in correlation with a metastatic lesion that was no longer at the left occipital horn posterior area. FLAIR: fluid-attenuated inversion recovery",MRI,finding,roughly mm-sized lesion,lesion,2,False
ROCOv2_2023_train_000318,train,Preoperative MRIPreoperative axial MRI with contrast showing an enhancing pineal region lesion in the center of the picture.,MRI,finding,enhancing pineal region lesion in the center of the,lesion,1,False
ROCOv2_2023_train_000319,train,Preoperative MRISagittal MRI with contrast revealing an enhancing pineal region lesion suspicious for a glial-type lesion.,MRI,finding,enhancing pineal region lesion,lesion,1,False
ROCOv2_2023_train_000327,train,MRI T2-weighted Coronal Plane Image Idiopathic Scoliosis Patient #26. Schmorl's nodes on superior and inferior marker lines compared to normal discs at the adjacent levels.,MRI,normal,,,0,False
ROCOv2_2023_train_000333,train,30-year-old woman with M. pneumoniae pneumonia. CT shows bronchial wall thickening (arrows). Lobular areas of consolidation and ground-glass attenuation are also seen.,CT,finding,pneumoniae pneumonia,pneumonia,4,True
ROCOv2_2023_train_000334,train,"24-year-old man with M. pneumoniae pneumonia. CT shows centrilobular nodules (tree-in-bud appearance, arrows). Bronchial wall thickening is also seen.",CT,finding,pneumoniae pneumonia,pneumonia,3,True
ROCOv2_2023_train_000335,train,39-year-old man with S. pneumoniae pneumonia. CT shows air-space consolidation in left lower lobe.,CT,finding,pneumoniae pneumonia,pneumonia,2,False
ROCOv2_2023_train_000336,train,31-year-old man with severe M. pneumoniae pneumonia with respiratory failure requiring mechanical ventilation. CT shows bilateral air-space consolidation and pleural effusion.,CT,finding,pneumoniae pneumonia,pneumonia,3,False
ROCOv2_2023_train_000339,train,Bedside echocardiogram – subxiphoid view (SX) of heart. Loculated anterior pericardial effusion (PCE) is evident (thin blue arrow) showing obliteration of right heart. Left ventricle (LV) and atrium (LA) is also visible (red arrow).,ultrasound,finding,loculated anterior pericardial effusion,effusion,1,True
ROCOv2_2023_train_000340,train,"Transesophageal echocardiography showing a round, echodense, calcified mass attached to the posterior mitral valve leaflet (white arrow). LA = Left atrium; LV = left ventricle.",ultrasound,finding,calcified mass,mass,1,True
ROCOv2_2023_train_000342,train,Cardiac magnetic resonance image (horizontal long-axis) showing a hypo-intense mass (arrowed) in the posterior mitral annulus.,MRI,finding,hypo-intense mass,mass,1,True
ROCOv2_2023_train_000343,train,Axial image of contrast enhanced CT showing homogenously enhancing omental and left lumbar lesions (arrows),CT,finding,left lumbar lesions,lesions,1,True
ROCOv2_2023_train_000349,train,"CT findings of angiosarcoma of the diaphragm (tumors were located under the chest, a huge volume, heterogeneous enhancement, No mediastinal lymph nodes).",CT,finding,tumors,tumors,2,False
ROCOv2_2023_train_000353,train,Axial CT of the neck with IV contrast shows calcifications anterior to the body of C2 (arrow).,CT,finding,iv calcifications,calcifications,1,True
ROCOv2_2023_train_000354,train,Coronal T1-weighted magnetic resonance imaging showing a tumor with homogenous low-signal intensity and well-defined margins.,MRI,finding,imaging tumor,tumor,1,False
ROCOv2_2023_train_000355,train,"Intravenous contrast enhanced computed tomography reconstruction of the abdomen indicated that the abdominal aortic aneurysm (AAA) was associated with external hematoma, intramural calcified plaque, and oppression of adjacent organs (coronal frontal view).",CT,finding,aortic aneurysm,aneurysm,2,False
ROCOv2_2023_train_000360,train,Chest radiograph with ribs fractures and pneumothorax.,X-ray,finding,ribs fractures,fractures,2,False
ROCOv2_2023_train_000362,train,Computed tomography shows a very large hypoattenuating hepatic mass with rim enhancement in the left lobe of the liver.,CT,finding,hypoattenuating hepatic mass,mass,2,False
ROCOv2_2023_train_000363,train,Positron emission tomography shows a very large hypermetabolic hepatic mass.,PET,finding,hypermetabolic hepatic mass,mass,1,False
ROCOv2_2023_train_000367,train,CT scan of adrenocortical carcinoma showing necrotic right adrenal mass in close proximity to the body/tail of pancreas and third portion of the duodenum (white arrow).,CT,finding,adrenocortical carcinoma,carcinoma,2,True
ROCOv2_2023_train_000368,train,CT scan 6 months after mitotane treatment showing reduction in size of the adrenal mass.,CT,finding,adrenal mass,mass,1,False
ROCOv2_2023_train_000370,train,Contrast-enhanced CT shows a solid and cystic mass with a calcification (arrowed) located in the tail of the pancreas.,CT,finding,solid cystic mass,mass,2,True
ROCOv2_2023_train_000373,train,Plain radiograph reveals stippled calcification and erosion over the spinous process of L3 vertebra.,X-ray,finding,stippled calcification,calcification,1,False
ROCOv2_2023_train_000374,train,T2 weighted magnetic resonance imaging scan revealed large lobulated mass around L2-L5 spinous process level.,MRI,finding,lobulated mass around l,mass,1,False
ROCOv2_2023_train_000378,train,Osteoid osteoma. Plain radiograph shows a typical metadiaphyseal cortical osteoid osteoma involving the upper end of the femur. The nidus is well seen (black arrow) along with the surrounding cortical thickening (white arrow),X-ray,finding,surrounding cortical thickening,thickening,1,True
ROCOv2_2023_train_000379,train,Osteoid osteoma. STIR coronal MRI shows the nidus (white arrow) along with marrow edema (black arrow),MRI,finding,along marrow edema,edema,1,True
ROCOv2_2023_train_000380,train,60-year-old woman with B-viral induced cirrhosis.Double contrast material-enhanced gradient echo (196/10 msec) T2*-weighted hepatic MR image obtained by using 1.5T unit depicts homogeneous reticular fibrosis involving entire liver without any evidence of caudate lobe hypertrophy.,MRI,finding,depicts homogeneous reticular fibrosis involving entire liver without,fibrosis,1,False
ROCOv2_2023_train_000384,train, Longitudinal color Doppler sonogram reveals near complete thrombotic occlusion of the left subclavian vein.,ultrasound,finding,near complete thrombotic occlusion of the left subclavian vein,occlusion,1,False
ROCOv2_2023_train_000387,train,Left ICA DSA after aneurysm has been clipped showing that the helical coil (arrow) is in the pericallosal artery with good distal blood flow.,angiography,finding,ica dsa after aneurysm,aneurysm,1,True
ROCOv2_2023_train_000390,train,"Radiograph of the hand in a 12-year-old boy with healing fractures to the 2nd and 3rd metacarpals, showing osteopenia due to inactivity.The zone of provisional calcification becomes more conspicuous, as its visualization is enhanced by the radiolucency in the metaphyseal side (arrows).",X-ray,finding,boy healing fractures,fractures,2,True
ROCOv2_2023_train_000394,train,Computed tomography image showing porto-mesenteric venous stenosis and metallic stent for biliary obstruction.,CT,finding,porto-mesenteric venous stenosis,stenosis,1,False
ROCOv2_2023_train_000396,train,Axial computed tomography image showing hemorrhage on the mandibular anterior lingual side.,CT,finding,hemorrhage,hemorrhage,1,False
ROCOv2_2023_train_000400,train,"CT scan 6 months post-op, showing haemorrhagic node and level V lymphadenopathy (arrow).",CT,finding,level v lymphadenopathy,lymphadenopathy,1,True
ROCOv2_2023_train_000410,train,Chest X-ray showing multiple cysts.,X-ray,finding,cysts,cysts,1,False
ROCOv2_2023_train_000411,train,Computed tomography chest scan showing multiple thick-walled cavities.,CT,finding,thick-walled cavities,cavities,1,False
ROCOv2_2023_train_000418,train,"CT scan revealed a larger mass out of the left eye muscular cone space (the mass is indicated by arrows, 4.4 × 1.7 cm). CT = computed tomography.",CT,finding,larger mass,mass,1,True
ROCOv2_2023_train_000419,train,"Chest computed tomography (CT) scan demonstrates perihilar ground‐glass opacities of both lungs with right upper lobe predominance, thickening of interlobular septa and intralobular lines, and diffuse bronchial wall thickening.",CT,finding,perihilar ground glass opacities of both lungs,opacities,2,False
ROCOv2_2023_train_000421,train,CT scan of acute subhepatal appendicitis with abscess.,CT,finding,subhepatal appendicitis abscess,abscess,1,False
ROCOv2_2023_train_000422,train,CT with contrast of the neck showing a large laryngeal mass destroying the left thyroid cartilage,CT,finding,laryngeal mass,mass,1,False
ROCOv2_2023_train_000425,train,CT scan image showing polypoidal lesion at ileocaecal junction.,CT,finding,polypoidal lesion at ileocaecal junction,lesion,1,False
ROCOv2_2023_train_000432,train,Preoperative CT scan showing diffuse retroperitoneal fibrosis.,CT,finding,diffuse retroperitoneal fibrosis,fibrosis,1,False
ROCOv2_2023_train_000436,train,Preoperative anteroposterior radiographic view showing the severe midfoot fracture-dislocation of the diabetic CN foot.,X-ray,finding,severe midfoot fracture,fracture,1,False
ROCOv2_2023_train_000437,train,Lateral radiographic view showing the severe midfoot fracture-dislocation of the diabetic CN foot.,X-ray,finding,severe midfoot fracture,fracture,1,False
ROCOv2_2023_train_000438,train,Final one year follow-up anteroposterior radiographic view showing anatomic alignment and consolidation across the arthrodesis sites.,X-ray,finding,anatomic alignment consolidation,consolidation,1,False
ROCOv2_2023_train_000439,train,Lateral radiographic view showing anatomic alignment and consolidation across the arthrodesis sites.,X-ray,finding,anatomic alignment consolidation,consolidation,1,False
ROCOv2_2023_train_000445,train,"Chest x-ray on presentation showing a large right upper lung lobe mass, slightly impinging on the trachea (marked with red arrow).",X-ray,finding,upper lung lobe mass,mass,1,True
ROCOv2_2023_train_000446,train,Chest x-ray on postoperative day one shows interval complete resection of the mass. A right-sided chest tube is also seen in situ.,X-ray,finding,resection mass,mass,1,False
ROCOv2_2023_train_000447,train,The elbow has been captured on the lateral view of the forearm radiograph and the secondary ossification center of the olecranon has been marked with a border (dotted line). The patient is a male aged 12. According to the Sauvegrain and Dimйglio method the olecranon ossification stage with a rectangular shape is 6. This stage was found to be a cutoff point in association with disturbed bone union after ESIN of forearm shaft fracture.,X-ray,finding,forearm shaft fracture,fracture,1,True
ROCOv2_2023_train_000448,train,"Coronary angiographic image (left anterior oblique 30°/0° projection, field of view 25 cm2) showing single coronary artery (SCA) arising from the right sinus of Valsalva as short common trunk which divides into right coronary artery (RCA) and left main coronary artery (LMCA). LMCA further bifurcates into the proximal left anterior descending (LAD) artery and the circumflex (Cx) artery. The distal LAD originates separately from the right coronary artery. Stenotic lesions in right posterolateral (RPL) and right posterior descending (RPD) arteries are also depicted.",angiography,finding,stenotic lesions in right posterolateral,lesions,1,False
ROCOv2_2023_train_000451,train,Computed Tomography scan after four months in case 1. Lesion found in the head of the pancreas (arrowhead).,CT,finding,lesion,lesion,1,True
ROCOv2_2023_train_000454,train,"Hyperdense signal changes in bilateral putamen, head of caudate nucleus and posterior thalamus (posterior pulvinal) in axial T1 weighted images.",MRI,finding,hyperdense,hyperdense,1,False
ROCOv2_2023_train_000455,train,Hyperdense signal changes in dentate nucleus in bilateral serebellar hemispheres in axial T1 weighted images.,MRI,finding,hyperdense,hyperdense,1,False
ROCOv2_2023_train_000457,train,Percutaneous cholangiography showing a dilated common bile duct containing multiple calcified stones (arrows) impacted above the papilla of Vater.,angiography,finding,containing calcified stones,stones,1,True
ROCOv2_2023_train_000464,train,Chest X-ray showing the position of the occluder after occlusion of the sinus of Valsalva-right ventricle fistula (arrow),X-ray,finding,occluder after occlusion of the sinus of valsalva-right,occlusion,2,True
ROCOv2_2023_train_000465,train,CT chest showing typical BL ground glass opacifications in lungs: a hallmark of SARS-CoV-2 infection.,CT,finding,typical bl ground glass,ground glass,1,False
ROCOv2_2023_train_000468,train,A magnetic resonance imaging scan of the lumbar spine demonstrating abnormal signals of the L5-S1 intervertebral disk. Spinal magnetic resonance imaging revealed diskitis of the L5-S1 intervertebral disk with diffuse edema of the adjacent vertebrae and a paraspinal inflammatory mass with incipient abscess formation.,MRI,finding,disk diffuse edema of the adjacent vertebrae,edema,3,False
ROCOv2_2023_train_000470,train,Computed tomography scan showing mass with intra thoracic extension into the posterior mediastinum.,CT,finding,mass,mass,1,False
ROCOv2_2023_train_000471,train,CT scan of abdomen showing extent of primary tumour.,CT,finding,extent primary tumour,tumour,1,False
ROCOv2_2023_train_000472,train,CT scan of abdomen showing local recurrence of the tumour.,CT,finding,recurrence tumour,tumour,1,False
ROCOv2_2023_train_000473,train,CT scan of abdomen showing liver metastases.,CT,finding,abdomen liver metastases,metastases,1,False
ROCOv2_2023_train_000478,train,Figure 1: Chest X-ray showing a homogenous opacity in the right hemithorax with scattered calcification.,X-ray,finding,homogenous opacity in the right hemithorax,opacity,2,False
ROCOv2_2023_train_000479,train,Figure 2: CT scan of thorax shows calcified lesions in a cyst in the mediastinum suggestive of bone and teeth in the mass.,CT,finding,thorax calcified lesions in a cyst in,lesions,3,False
ROCOv2_2023_train_000480,train,Postoperative Chest CT Scan. A chest CT scan showing diffuse small thin walled cystic lesions in the parenchyma of both lungs.,CT,finding,thin walled cystic lesions in the parenchyma of both,lesions,1,False
ROCOv2_2023_train_000485,train,Pre-operative PET-CT showing the descending colon metastasis (arrow) from the squamous cell lung carcinoma.PET-CT: positron emission tomography-computed tomography.,PET/CT,finding,descending colon metastasis,metastasis,2,True
ROCOv2_2023_train_000486,train,"Pre-operative PET-CT showing the single liver metastasis (arrow) from the lung squamous cell carcinoma, in segment VIII.PET-CT: positron emission tomography-computed tomography.",PET/CT,finding,single liver metastasis,metastasis,2,True
ROCOv2_2023_train_000487,train,"Chest X-ray on 1st admission at the hospital. Consolidation was present in the right lower lung field, and the costophrenic angle was blunted on the right side",X-ray,finding,consolidation in the right lower lung,consolidation,1,False
ROCOv2_2023_train_000488,train,"Contrast-enhanced thoracic computed tomography on 1st admission at the hospital. Lung abscess formation was present in right middle lobe. Low density area was scattered in consolidation, and right pleural effusion was present",CT,finding,lung abscess,abscess,3,False
ROCOv2_2023_train_000489,train,Chest X-ray on 1st discharge at the hospital. Consolidation in the right lower lung field and right pleural effusion were almost disappeared,X-ray,finding,consolidation in the right lower lung,consolidation,2,False
ROCOv2_2023_train_000490,train,Chest X-ray on 2nd admission at the hospital. Consolidation in the right lower lung field was relapsed,X-ray,finding,consolidation in the right lower lung,consolidation,1,False
ROCOv2_2023_train_000491,train,Panoramic radiograph shows multiple cystic odontogenic lesions in both jaws.,X-ray,finding,cystic odontogenic lesions in both jaws,lesions,1,False
ROCOv2_2023_train_000492,train,Skull PA radiograph shows falx cerebri calcification.,X-ray,finding,falx cerebri calcification,calcification,1,False
ROCOv2_2023_train_000493,train,Ultrasonograph shows a well demarcated hypoechoic lesions in the right side of mandible.,ultrasound,finding,well demarcated hypoechoic lesions in the right side of,lesions,1,False
ROCOv2_2023_train_000495,train,Right colon and mesenteric masses on CT.,CT,finding,colon mesenteric masses,masses,1,False
ROCOv2_2023_train_000503,train,Apical four-chamber transthoracic echocardiography view demonstrating the appearance of a large mass in the left atrium.,ultrasound,finding,mass in the left atrium,mass,1,False
ROCOv2_2023_train_000504,train,Cardiac MRI study demonstrating a large hiatus hernia compressing and distorting the posterior wall of the left atrium. No intra-cardiac mass was identified.,MRI,finding,hiatus hernia,hernia,1,False
ROCOv2_2023_train_000505,train,CXR showing a cardiomegaly.,X-ray,finding,cxr cardiomegaly,cardiomegaly,1,False
ROCOv2_2023_train_000506,train,Large left atrial mass seen on transthoracic echocardiogram.,ultrasound,finding,left atrial mass,mass,1,False
ROCOv2_2023_train_000509,train,"Carotid angiogram showed severe stenotic lesion in the right internal carotid artery.RAO, right anterior oblique.",angiography,finding,severe stenotic lesion in the right internal carotid,lesion,1,False
ROCOv2_2023_train_000511,train,Computed tomography‐guided transbronchial lung biopsy with biopsy forceps in a target lesion (black arrow).,CT,finding,target lesion,lesion,1,True
ROCOv2_2023_train_000512,train,Computed tomography‐guided transbronchial lung biopsy with the biopsy forceps failing to reach a target lesion (white arrow).,CT,finding,reach target lesion,lesion,1,True
ROCOv2_2023_train_000515,train,"Angiography: before embolization, angiography demonstrates a contrast medium collection from vesical branches of the hypogastric artery and the bed of an arteriovenous fistula with early filling of the vein.",angiography,finding,arteriovenous fistula,fistula,1,False
ROCOv2_2023_train_000516,train,Angiography following embolization with metallic minicoils: occlusion of arterial branches and closure of the AV fistula without extravasation of contrast medium.,angiography,finding,occlusion of arterial branches,occlusion,2,False
ROCOv2_2023_train_000517,train,"Color Doppler imaging indicating an extremely narrow foramen ovale flow (indicated by the white arrow). PE, pericardial effusion; RA, right atrium; RV, right ventricle; LV, left ventricle; LA, left atrium.",ultrasound,finding,pericardial effusion,effusion,1,True
ROCOv2_2023_train_000520,train,Lesion (white arrow) near the gastrointestinal tract after ablation as shown with enhanced MRI.,MRI,finding,lesion,lesion,1,True
ROCOv2_2023_train_000521,train,Lesion (white arrow) near the gastrointestinal tract after ablation as shown with enhanced MRI in the coronal view.,MRI,finding,lesion,lesion,1,True
ROCOv2_2023_train_000522,train,Lesion (white arrow) pushing the left bile duct (black arrow) after ablation as shown with enhanced CT.,CT,finding,lesion,lesion,1,True
ROCOv2_2023_train_000523,train,Lesion (white arrow) near the gastrointestinal tract as shown with enhanced MRI.,MRI,finding,lesion,lesion,1,True
ROCOv2_2023_train_000524,train,Lesion (white arrow) pushing the left bile duct (black arrow) as shown with enhanced CT.,CT,finding,lesion,lesion,1,True
ROCOv2_2023_train_000530,train,Abdominal CT scan of the patient shows heterogeneous right adrenal mass.,CT,finding,heterogeneous right adrenal mass,mass,1,False
ROCOv2_2023_train_000535,train,CT scan (axial section) of the left shoulder showing the anteriorly dislocated humeral head (arrow head) locked over the anterior glenoid (asterisk mark) with a large Hill-Sachs lesion (thick arrow) and an associated greater tuberosity fracture (thin arrow).,CT,finding,hill-sachs lesion,lesion,2,True
ROCOv2_2023_train_000536,train,CT scan (axial section) of the left shoulder showing the anteriorly dislocated humeral head (arrow head) locked over the anterior glenoid (asterisk mark) with a large Hill-Sachs lesion (white arrow).,CT,finding,hill-sachs lesion,lesion,1,True
ROCOv2_2023_train_000541,train,Sagittal T2-weighted MRI of left knee joint depicting cartilage lesion and large underlying BME at dorsomedial femoral condyle.,MRI,finding,joint depicting cartilage lesion,lesion,1,False
ROCOv2_2023_train_000542,train,Axial view CT brain showing ring-like hyperdensity with central calcification (red arrow).,CT,finding,hyperdensity central calcification,calcification,1,True
ROCOv2_2023_train_000543,train,Coronal view CT brain showing ring-like hyperdensity (red arrow) with surrounding vasogenic edema.,CT,finding,surrounding vasogenic edema,edema,1,True
ROCOv2_2023_train_000544,train,"Axial view MRI brain showing solitary cystic mass (red arrow), with surrounding vasogenic edema (yellow arrow).",MRI,finding,solitary cystic mass,mass,2,True
ROCOv2_2023_train_000545,train,Coronal view MRI brain showing cystic mass with thickened peripheral enhancement (red arrow).,MRI,finding,brain cystic mass,mass,2,True
ROCOv2_2023_train_000546,train,Axial brain MRI showing decrease in size of cystic mass (red arrow).,MRI,finding,size cystic mass,mass,1,True
ROCOv2_2023_train_000547,train,Axial view brain MRI showing peripheral enhancing lesion with an unchanged size (red arrow) and with decreased size of vasogenic edema (yellow arrow).,MRI,finding,peripheral enhancing lesion,lesion,2,True
ROCOv2_2023_train_000548,train,Axial view brain MRI showing a decrease in size of right frontal ring-enhancing lesion (red arrow).,MRI,finding,right frontal ring-enhancing lesion,lesion,1,True
ROCOv2_2023_train_000549,train,The PA chest X-ray: left-sided pleural effusion and a large mass in anterolateral part of left lung which had overshadowed the left border of the heart. Arrowhead indicates shift of the heart to the right side.,X-ray,finding,left-sided pleural effusion,pleural effusion,2,True
ROCOv2_2023_train_000550,train,"Chest computed tomography scan with contrast at the level of T7 showing the large pseudoaneurysm. The lesion was a well-defined partially calcified mass with tubular density adjacent to the heart. Arrowheads indicate the calcifications. It was filled with contrast medium concurrently with the heart. This lesion, which was mostly occupied by thrombosis, had a mass effect on heart.",CT,finding,lesion,lesion,4,True
ROCOv2_2023_train_000553,train,CT cystogram showing a defect in the dome of the urinary bladder with extravasation of contrast to intraperitoneal space,CT,finding,cystogram defect in the dome of the,defect,1,False
ROCOv2_2023_train_000558,train, CT scan angiogram image showing a 4 x 3.7 x 3 cm heterogeneously enhancing soft tissue lesion arising from the proximal jejunum (the arrow).,CT,finding,enhancing soft tissue lesion,lesion,1,True
ROCOv2_2023_train_000559,train, CT scan angiogram image showing the soft tissue lesion (the white arrow) with the feeding blood vessels from the central mesenteric blood vessels (the yellow arrow).,CT,finding,soft tissue lesion,lesion,1,True
ROCOv2_2023_train_000560,train,Coronal CT scan of the abdomen and pelvis showing a pseudokidney mass (arrow).,CT,finding,pseudokidney mass,mass,1,True
ROCOv2_2023_train_000561,train,Ultrasound scan showing a hard 2 x 3cm lesion in her left rectus.,ultrasound,finding,hard x cm lesion in her left rectus,lesion,1,False
ROCOv2_2023_train_000562,train,MRI showing a benign lesion consistent with an intramuscular lipoma.,MRI,finding,benign lesion,lesion,1,False
ROCOv2_2023_train_000563,train,"Chest CT images of a 3-year-old male patient show patchy consolidation located in the subpleural region of the right upper lobe (red box), with thickening in the adjacent pleura (red arrow)",CT,finding,patchy consolidation,consolidation,2,True
ROCOv2_2023_train_000564,train,"Axial T2-weighted image: Left cerebral hemiatrophy, ipsilateral occipital horn dilatation, ipsilateral midline shift, hypoplasia of thalamus, caudate nucleus, and lentiform nucleus are demonstrated. In addition, ipsilateral pneumosinus dilatans (frontal) is seen",MRI,finding,ipsilateral occipital horn dilatation,dilatation,1,False
ROCOv2_2023_train_000574,train,Magnetic resonance imaging. Contrast enhanced Axial T1 image showing a temporoparietal hypointense area with few petechial lesions,MRI,finding,temporoparietal hypointense,hypointense,2,False
ROCOv2_2023_train_000575,train,Magnetic resonance imaging. Gadolinium-enhanced axial T1 image showing a meningeal enhancement at the left parietal lobe,MRI,finding,meningeal enhancement at the left parietal lobe,enhancement,1,False
ROCOv2_2023_train_000580,train,Chest X-ray on postoperative day 3 showing left-sided pleural effusion.,X-ray,finding,day left-sided pleural effusion,pleural effusion,1,False
ROCOv2_2023_train_000582,train,CT scan of chest showing left-sided pleural effusion.CT: Computed tomography,CT,finding,left-sided pleural effusion,pleural effusion,1,False
ROCOv2_2023_train_000583,train,Chest radiography from case 1 showing left pleural effusion.,X-ray,finding,left pleural effusion,pleural effusion,1,False
ROCOv2_2023_train_000584,train,Computed tomography image from case 1 showing a small left loculated pleural effusion with some evidence of pleural thickening.,CT,finding,small left loculated pleural effusion,pleural effusion,2,False
ROCOv2_2023_train_000587,train,Chest radiography from case 2 showing extensive surgical emphysema.,X-ray,finding,extensive surgical emphysema,emphysema,1,False
ROCOv2_2023_train_000598,train,Computed tomography scan of abdomen and pelvis axial view showing calcified intra-abdominal mass (arrow).,CT,finding,calcified intra-abdominal mass,mass,1,True
ROCOv2_2023_train_000599,train,Plain radiograph of the pelvis demonstrates an osteolytic lesion in the left iliac wing (arrow).,X-ray,finding,pelvis osteolytic,osteolytic,2,True
ROCOv2_2023_train_000600,train,Chest CT of the patient at the time of tuberculosis diagnosis with air bronchograms (yellow arrows) and pulmonary nodules (orange arrows).,CT,finding,pulmonary nodules,nodules,1,True
ROCOv2_2023_train_000601,train,Chest X-ray showed a large opacity of the entire left hemithorax with attraction of the mediastinum element towards the opacity.,X-ray,finding,opacity of the entire left hemithorax,opacity,1,False
ROCOv2_2023_train_000604,train,Contrast-enhanced computed tomography image showing a 3-cm mass on the left lateral side of the urinary bladder. Perivesical invasion was not seen.,CT,finding,cm mass,mass,1,False
ROCOv2_2023_train_000606,train,"Aneurysms visualized by echocardiography. Echocardiographic parasternal short axis view reveals two fusiform aneurysms of the left anterior descending coronary artery. The proximal aneurysm (A1) measures 8.7 mm, and the distal (A2) measures 9.0 mm. The aorta (Ao) and main pulmonary artery (PA) are seen in cross section.",ultrasound,finding,aneurysms,aneurysms,2,False
ROCOv2_2023_train_000610,train,"A dorsal plane post‐contrast CT of the RPL is shown. The musculature distal to and surrounding the stifle are swollen with a marked lack of contrast enhancement (*), suggestive of limb ischemia. There is contrast attenuation noted within the proximal femoral artery demarcated by “<” suggestive of thrombosis",CT,finding,lack enhancement,enhancement,2,False
ROCOv2_2023_train_000613,train,"Portable cardiac ultrasound from a 54-year-old male with syncope and hypotension, obtained during early systole. LV = left ventricle, RV = right ventricle, LA = left atrium. Echo-free space (effusion) 37 mm (vertical dashed line).",ultrasound,finding,effusion,effusion,1,False
ROCOv2_2023_train_000614,train,MRI liver showing a central large heterogenous mass inseparable and encasing the main portal vein and biliary ductal confluence suggestive of cholangiocarcinoma,MRI,finding,central heterogenous mass,mass,1,False
ROCOv2_2023_train_000616,train,"MRI of the right hand, T1 weighted image showing a well-defined multilobulated mass.",MRI,finding,well-defined multilobulated mass,mass,1,False
ROCOv2_2023_train_000618,train," Preoperative MRI T2 image.A coronal MRI image shows bone marrow edema surrounding the right physis (arrow), but there were no findings suggesting pre-slip on the left (arrow of the thick dotted line).",MRI,finding,bone marrow edema,edema,1,True
ROCOv2_2023_train_000619,train,Chest radiograph showing a right pneumothorax.,X-ray,finding,right pneumothorax,pneumothorax,1,False
ROCOv2_2023_train_000620,train,Chest radiograph showing a recurrent right pneumothorax.,X-ray,finding,recurrent right pneumothorax,pneumothorax,1,False
ROCOv2_2023_train_000622,train,The abdominal precontrast CT scan. This scan revealed a mass that was measured about 3 cm at the hilum of the right kidney (arrow). CT = computed tomography.,CT,finding,mass,mass,1,True
ROCOv2_2023_train_000623,train,"The abdominal postcontrast enhanced CT scan. This scan revealed no obvious enhancement of the mass, but showed a clear demarcation of the tumor from its surrounding normal tissues and a regular shape of the tumor (arrow). CT = computed tomography.",CT,finding,demarcation tumor,tumor,1,True
ROCOv2_2023_train_000625,train,Preoperative coronal computed tomography image. A pure ground-glass opacity nodule (white arrow) is located in the right apical segment that is supplied by a tracheal bronchus.,CT,finding,pure ground-glass,ground-glass,3,True
ROCOv2_2023_train_000627,train,Initial gated non-cardiac computed tomographic angiogram. A gated non-cardiac axial contrast-enhanced computed tomographic scan of the sinuses of Valsalva is shown. Aortic motion artefact blurs the aortic wall anteriorly and posteriorly (arrowheads). This is the plane of aortic translocation during the cardiac cycle. The lines within the sinuses (arrows) were misinterpreted as aortic valve leaflets but lie above the cranial limit of normal leaflet tips.,CT,normal,,,0,True
ROCOv2_2023_train_000628,train,Transesophageal echocardiogram. Transesophageal echocardiographic scan of the aortic root showing the open leaflets of the aortic valve (arrowheads) and the dissection flap just above the valve and within the sinuses of Valsalva (arrows).,ultrasound,finding,dissection,dissection,1,True
ROCOv2_2023_train_000630,train,"Heterogeneous popliteal cyst in an 89-year-old woman with known total knee arthroplasty presenting with a palpable mass. Sagittal T2-weighted MRI shows a few septa and hypointense internal debris in an otherwise common Baker’s cyst. Despite the severity of artifact due to metallic hardware, it is still possible to appreciate its relationship to the medial gastrocnemius and the semimembranosus tendons. Absence of enhancement after gadolinium intravenous administration was confirmed in the same study (not shown). MGc, medial gastrocnemius; Sm, semimembranosus",MRI,finding,heterogeneous popliteal cyst in an,cyst,3,False
ROCOv2_2023_train_000631,train,"Anterior cruciate ligament ganglion cyst incidentally found in a 58-year-old woman during an MRI scan performed in the setting of a knee sprain. Sagittal FS PD-WI shows an enlarged anterior cruciate ligament due to a multiloculated cystic lesion (arrows) embedded within its fibers. ACL, anterior cruciate ligament",MRI,finding,cruciate ligament ganglion cyst,cyst,2,True
ROCOv2_2023_train_000632,train,"Intraosseous ganglion cyst of the tibia incidentally depicted in a 40-year-old man who underwent an MRI scan due to intermittent, subacute non-specific knee pain. Sagittal FS PD-WI shows a metaepiphyseal, large, multiloculated cystic lesion of the tibia, which communicates with the articular surface through a thin stalk (arrow) extending into the interspinous region, close to the anterior cruciate ligament tibial insertion. Tb, tibia; ACL, anterior cruciate ligament",MRI,finding,intraosseous ganglion cyst of the tibia incidentally depicted,cyst,2,True
ROCOv2_2023_train_000635,train,A scaphoid view obtained 6 weeks after presentation without radiographic evidence of a scaphoid waist fracture.,X-ray,finding,scaphoid waist fracture,fracture,1,False
ROCOv2_2023_train_000637,train,A lateral radiographic view obtained at 6 weeks after initial presentation showing a normal appearing scaphoid.,X-ray,normal,,,0,False
ROCOv2_2023_train_000639,train,Post-operative MRI showed a large cerebral haemorrhagic infarction in the right occipital lobe.,MRI,finding,cerebral haemorrhagic infarction in the right occipital lobe,infarction,1,False
ROCOv2_2023_train_000640,train,CT-scan of the chest showing a well-circumscribed mass in the right lung basis (arrow).,CT,finding,well-circumscribed mass in the right lung basis,mass,1,True
ROCOv2_2023_train_000641,train,"CMR cine run in the sagittal plane reconfirms the thick-walled parachute mass (arrows) tethered to the tip of AML and LA inferoposterior region. Systolic flow into the mass and significant MR are also evident. LA: left atrium, LV: left ventricle, AML: anterior mitral leaflet, and MR: mitral regurgitation.",MRI,finding,thick-walled parachute mass,mass,1,True
ROCOv2_2023_train_000643,train,MRI screening of brain showing single focal well-circumscribed hyperintense lesion (arrow) in T2 sequence at right subcortical frontal region (at gray white interface).,MRI,finding,focal well-circumscribed hyperintense lesion,lesion,1,True
ROCOv2_2023_train_000644,train,Angiographic image demonstrating hypervascular tumor.,angiography,finding,hypervascular tumor,tumor,1,False
ROCOv2_2023_train_000647,train,Computed tomography (CT) chest axial plane showing diffuse randomly distributed ground-glass nodules (blue arrows) involving bilateral lungs consistent with military tuberculosis. Implantable cardioverter defibrillator leads seen (yellow arrows),CT,finding,diffuse randomly distributed ground-glass,ground-glass,2,True
ROCOv2_2023_train_000648,train,Transesophageal echocardiogram at mid esophageal level showing mass in the right atrium attached to the lead,ultrasound,finding,esophageal level mass in the right atrium attached,mass,1,False
ROCOv2_2023_train_000649,train,X-ray chest showing anterior mediastinal mass,X-ray,finding,anterior mediastinal mass,mass,1,False
ROCOv2_2023_train_000650,train,Computed tomography thorax showing inhomogeneously enhancing mass lesion involving the entire right hemithorax,CT,finding,inhomogeneously enhancing mass,mass,2,False
ROCOv2_2023_train_000652,train,T1 weighted MRI scan showing right sided herniation of brain contents through the orbital bony structural abnormality with proptosis of the globe.,MRI,finding,right sided herniation of brain contents through,herniation,1,False
ROCOv2_2023_train_000653,train,Abdominal CT scan showing an infrarenal atheroscleroting aortic aneurysm of 38 mm with periaortitis.,CT,finding,infrarenal atheroscleroting aortic aneurysm,aneurysm,1,False
ROCOv2_2023_train_000655,train,"Preoperative magnetic resonance imaging study demonstrates the lesion to be a large, lobulated, pedunculated, heterogeneous focal mass without galea aponeurotica involvement.",MRI,finding,study lesion,lesion,2,False
ROCOv2_2023_train_000656,train,Magnetic resonance imaging of the head and neck region. Sagittal magnetic resonance image (T1-TSE) after contrast showing a pediculated 6.6 x 17.4 x 10 mm muscle-isointense lesion with a moderate uptake of contrast agent at the level of the second and third cervical vertebrae,MRI,finding,x mm muscle-isointense lesion,lesion,1,False
ROCOv2_2023_train_000657,train,Computed tomography showing small focal lesion (arrow) originally suspected to be a neoplastic lesion,CT,finding,small focal lesion,lesion,1,True
ROCOv2_2023_train_000659,train," Chest x-ray on the day of admission showed mild bilateral patchy airspace opacities, nonspecific but compatible with a reported history of coronavirus disease 2019 (COVID-19) infection (red arrows)",X-ray,finding,bilateral patchy airspace opacities,opacities,1,True
ROCOv2_2023_train_000662,train,"Probable overdiagnosis. An 80 year old woman, former smoker, with a history of a left upper lobectomy for a stage I adenocarcinoma, has an 11 mm (arrow) ground glass opacity in the right upper lobe. The nodule has not changed in over 3-years and is currently being followed with annual CT. If this is a cancer it is likely to be an adenocarcinoma in situ and may represent and overdiagnosis cancer.",CT,finding,ground glass,ground glass,3,True
ROCOv2_2023_train_000663,train,Computed tomographic scan shows a metastatic liver tumour (arrow),CT,finding,metastatic liver tumour,tumour,1,True
ROCOv2_2023_train_000671,train,Magnetic resonance cholangiopancreatography shows typical filling defects in the distal common bile duct due to compression of the extrinsic cavernomatous transformation (white arrow).,MRI,finding,cholangiopancreatography typical filling defects in the distal common bile,filling defects,1,True
ROCOv2_2023_train_000672,train,Initial CTAP showing LLL mass-like consolidation measuring 4.1 x 3 cm. CTAP: computed tomography of the abdomen and pelvis; LLL: left lower lung; cm: centimeter,CT,finding,ctap lll mass,mass,2,False
ROCOv2_2023_train_000673,train,PET/CT showing fluorodeoxyglucose (FDG) avid 4.5 x 4.2 x 3.6 cm LLL mass (red arrow) with max standardized uptake value (SUV) of 12 and FDG avid intramedullary metastasis in the lateral right 7th rib. PET/CT: positive emission tomography/computed tomography; FDG: fluorodeoxyglucose; LLL: left lower lung; SUV: standardized uptake value; cm: centimeter,PET/CT,finding,cm lll mass,mass,2,True
ROCOv2_2023_train_000674,train,PET/CT showing focal uptake of FDG by a 1.8 cm round and hypodense lesion (red arrow) in the body-tail of the pancreas (max SUV of 11)PET/CT: positive emission tomography/computed tomography; FDG: fluorodeoxyglucose; cm: centimeter; SUV: standardized uptake value ,PET/CT,finding,round hypodense lesion,lesion,1,True
ROCOv2_2023_train_000675,train,PET/CT showing FDG avid 1.2 x 3.8 x 2.1 cm mediastinal LN station 7 (red arrow) metastatic atypical carcinoid (max SUV of 12.7) and a hypermetabolic left breast mass (blue arrow) with a maximum SUV of 13PET/CT: positive emission tomography/computed tomography; FDG: fluorodeoxyglucose; cm: centimeter; LN: lymph node; SUV: standardized uptake value,PET/CT,finding,hypermetabolic left breast mass,mass,1,True
ROCOv2_2023_train_000677,train,"MRI brain sagittal view with numerous contrast-enhancing lesions (white arrows) within cerebral hemisphere measuring between 2-14 mm, the largest lesion being 12 x 13 x 14 mm within the superior left frontal lobe with mild surrounding vasogenic edema (red circle)MRI: magnetic resonance imaging; mm: millimeter",MRI,finding,numerous contrast-enhancing lesions,lesions,3,True
ROCOv2_2023_train_000689,train,Cardiac magnetic resonance. Cardiac magnetic resonance showing right ventricle dilatation with increased wall thinning.,MRI,finding,right ventricle dilatation,dilatation,1,False
ROCOv2_2023_train_000692,train,Contrast-enhanced abdominal CT. The left liver lobe is hypertrophied after extended right hemihepatectomy. There is an arterial pseudoaneurysm (arrow) close to the hepato-enteric anastomosis. A hypervascular metastasis is depicted on the same cut (arrowheads).,CT,finding,hypervascular metastasis,metastasis,1,True
ROCOv2_2023_train_000693,train,Celiac angiogram. Celiac angiogram with pseudoaneurysm of a left segmental artery (arrow) and disseminated metastases (arrowheads).,angiography,finding,disseminated metastases,metastases,1,True
ROCOv2_2023_train_000695,train,Preoperative magnetic resonance imaging of L1 and S1–S2 reveals bone destruction and vertebral abnormalities. Red arrows indicate L1 (upper arrow) and S1-S2 (lower arrow) lesions in MRI,MRI,finding,lesions in mri,lesions,1,True
ROCOv2_2023_train_000701,train,Coronal contrast enhanced CT image shows multiple abdominal hypodense lesions within liver (orange arrowhead) and lesser omentum (blue arrowhead) and peritoneum and above the bladder (green arrowhead).,CT,finding,hypodense lesions within liver,lesions,1,True
ROCOv2_2023_train_000702,train,"Axial contrast enhanced CT image nicely shows the hypodense lesions with water density and multiple smaller cysts at the periphery of the larger cysts (daughter cysts, arrowheads).",CT,finding,hypodense lesions,lesions,2,True
ROCOv2_2023_train_000708,train,Axial unenhanced CT-scan performed a few years before the superinfection shows the hepatic hydatid cyst (asterisk) with calcified wall in segment VI.,CT,finding,hepatic hydatid cyst,cyst,1,True
ROCOv2_2023_train_000711,train,"Bedside transthoracic echocardiogram (parasternal long-axis window) demonstrating a flail posterior mitral leaflet (solid arrow) and left atrial dilation (dotted arrow). Ao, aortic root; LA, left atrium; LV, left ventricle.",ultrasound,finding,left atrial dilation,dilation,1,True
ROCOv2_2023_train_000714,train,"Transesophageal echocardiogram demonstrating normal position of the anterior mitral leaflet (rightward-pointing arrow) and flail motion of the posterior mitral leaflet (leftward-pointing arrow). Ao, aortic root; LV, left ventricle; LA, left atrium. ",ultrasound,normal,,,0,True
ROCOv2_2023_train_000715,train,The Head CT revealed new intracranial hemorrhage on ICU day 10 (red arrow),CT,finding,new intracranial hemorrhage,hemorrhage,1,True
ROCOv2_2023_train_000716,train,Procedural planning. Celiac angiography shows gastroduodenal (black arrowhead) and supraduodenal artery (white arrowhead) originating from the common hepatic artery. A selective lobar infusion was decided. Multiple hypervascular metastases are also seen (arrows).,angiography,finding,hypervascular metastases,metastases,1,True
ROCOv2_2023_train_000718,train,"Axial computed tomography image revealing patchy hypodensity in the posterior parietal and occipital lobes, right greater than left. There are few tiny foci of hyperdense hemorrhage seen in areas of edema bilaterally.",CT,finding,foci hyperdense hemorrhage,hemorrhage,2,False
ROCOv2_2023_train_000728,train,Cranial CT scan demonstrating bilateral supra-tentorial and sub-ependymal and cortical calcifications,CT,finding,sub-ependymal cortical calcifications,calcifications,1,False
ROCOv2_2023_train_000730,train,Brain CT scan showing a slight hypodense area in the right internal capsula (red arrow).,CT,finding,slight hypodense,hypodense,1,True
ROCOv2_2023_train_000731,train,Brain MRI (T2‐weighted sequence). The arrows point to n hyperintensity area mainly involving thalamic and lenticular caudate with extension to internal and periventricular capsule. It is likely to be a subacute ischemic lesion. Day 2 after second episode of diving session.,MRI,finding,subacute ischemic lesion,lesion,1,True
ROCOv2_2023_train_000734,train,Non-enhancing abdominal computed tomography image showing a hypodense round mass in the spinal canal.,CT,finding,hypodense,hypodense,2,False
ROCOv2_2023_train_000737,train,Pre-Y90 microsphere therapy planning evaluation in a 58 year old female with hepatic metastatic colorectal cancer. Contrast enhanced axial CT scan demonstrates numerous bilobar low attenuation lesions consistent with metastases. Note patency of the portal vein.,CT,finding,bilobar low attenuation lesions,lesions,2,False
ROCOv2_2023_train_000740,train,MRI image of the brain. It shows an infiltrative neoplastic lesion involving left temporal parenchyma,MRI,finding,infiltrative neoplastic lesion involving left temporal parenchyma,lesion,1,False
ROCOv2_2023_train_000744,train,"Axial computed tomography showing a bilateral well-defined, hypodense, extraosseous lesion near the ala nasi; note the cortical scalloping on the right side (arrow).",CT,finding,hypodense,hypodense,2,True
ROCOv2_2023_train_000747,train,Image of magnetic resonance imaging scan showing a large mass in segments 4 to 8 of the liver,MRI,finding,mass in segments,mass,1,False
ROCOv2_2023_train_000750,train,X-ray of right knee lateral view shows a slight inferior displacement of patella with loss of quadriceps tendon bulge just above it; calcification is seen in suprapatellar region,X-ray,finding,calcification in suprapatellar region,calcification,1,False
ROCOv2_2023_train_000752,train,T2-weighted sagittal MR image of right knee showing discontinuity between lower end of hypointense signal intensity quadriceps tendon and upper pole of patella with intervening hyperintense signal intensity; joint effusion is seen,MRI,finding,lower end hypointense,hypointense,3,False
ROCOv2_2023_train_000753,train,T2-weighted sagittal MR image of left knee joint shows discontinuity between quadriceps tendon and upper pole of patella filled with hyperintense signal intensity,MRI,finding,patella filled hyperintense,hyperintense,1,False
ROCOv2_2023_train_000756,train,"18-F FDG PET-CT maximum intensity projection (MIP) image, showing the increased FDG localization in multiple musculoskeletal lesions and lymph nodes.",PET/CT,finding,musculoskeletal lesions,lesions,1,False
ROCOv2_2023_train_000758,train,Abdominal CT is completely normal before the bronchial artery embolization.,CT,normal,,,0,False
ROCOv2_2023_train_000759,train,Abdominal CT shows multiple infarcts in kidneys (thin arrows) and spleen (thick arrow) just after the bronchial artery embolization.,CT,finding,infarcts in kidneys,infarcts,1,True
ROCOv2_2023_train_000767,train,Right lower extremity angiogram showing a patent and enlarged right superficial femoral artery with a distal AV fistula connecting the superficial femoral artery to the femoral vein with venous flow upwards.,angiography,finding,distal av fistula,fistula,1,False
ROCOv2_2023_train_000772,train,Antero-posterior X-Ray view of the left hip showing anterior displacement of the femoral head and intertrochanteric fracture,X-ray,finding,head intertrochanteric fracture,fracture,1,False
ROCOv2_2023_train_000773,train,Postoperative antero-posterior X-ray view revealing fracture and dislocation reduction and fixation with dynamic hip screw,X-ray,finding,fracture,fracture,1,False
ROCOv2_2023_train_000778,train,Postoperative simple X-ray after occiput- C1- C2 arthrodesis and C3-4-5-6 bilateral lateral mass screw and C7 pedicle screw fixation with halo vest.,X-ray,finding,c bilateral lateral mass,mass,1,False
ROCOv2_2023_train_000781,train,"Magnetic resonance imaging of patient number 6 (short axis) showing a signal enhancement of the septal (arrow) and slightly of the basolateral region (arrow) of the left ventricular myocardium (late enhancement, segmental inversion recovery - TurboFLASH 2D image). RV: right ventricle. LV: left ventricle.",MRI,finding,signal enhancement of the septal,enhancement,1,True
ROCOv2_2023_train_000785,train,In vivo CT of xanthine urinary stones: coronal CT image showing a stone within the left kidney along with measurement of CT number utilizing region of interest sampling,CT,finding,xanthine urinary stones,stones,2,False
ROCOv2_2023_train_000786,train,In vitro ultrasound of xanthine urinary stone: stone (arrow) is imaged in a water bath on a standoff pad (asterisk) and is echogenic with posterior acoustic shadowing (arrowheads),ultrasound,finding,xanthine urinary stone,stone,1,True
ROCOv2_2023_train_000787,train,In vivo ultrasound of xanthine urinary stone: stone is echogenic with posterior acoustic shadowing,ultrasound,finding,xanthine urinary stone,stone,1,False
ROCOv2_2023_train_000790,train,A standing X ray radiograph of a patients who was operated for a hallux rigidus with an IOFix implant. This patients suffered from a hardware protrusion. In this case a technique failure has led to the unwanted complication,X-ray,finding,hardware protrusion,protrusion,1,False
ROCOv2_2023_train_000791,train,Panoramic radiograph showing multilocular radiolucent lesion in ascending ramus,X-ray,finding,multilocular radiolucent lesion in ascending ramus,lesion,1,False
ROCOv2_2023_train_000792,train,An abdominopelvic computed tomography scan showing a 3.5-cm-mass in the liver that demonstrated strong enhancement following the intravenous administration of contrast material.,CT,finding,cm- mass in the liver,mass,2,False
ROCOv2_2023_train_000795,train,"Axial computed tomography enhanced with IV contrast exhibiting minimal enhancement of the right kidney with some spared areas of the periphery, consistent with a cortical rim sign (spared peripheral circulation via the capsular collateral arterioles)",CT,finding,exhibiting minimal enhancement of the right kidney,enhancement,1,False
ROCOv2_2023_train_000796,train,Coronal recon computed tomography enhanced with IV contrast exhibiting an irregular hypodense area of superior pole of the right kidney consistent with hypoperfusion,CT,finding,exhibiting irregular hypodense,hypodense,1,False
ROCOv2_2023_train_000797,train,Lateral radiograph of the right shin and foot. Anterior dislocation of the talus (thick white arrow) and proximal fibular fracture (thin white arrow) are seen.,X-ray,finding,proximal fibular fracture,fracture,1,True
ROCOv2_2023_train_000801,train,"CT-A of arch of the aorta and its major branches showing diffuse intimal thickening, with narrowing of the origins of major branches of the arch of the aorta involving brachiocephalic, right common carotid and left subclavian arteries.",CT,finding,diffuse intimal thickening,thickening,1,False
ROCOv2_2023_train_000808,train,Thoracic computed tomography with oral contrast enhancement showing extraluminal contrast material from the esophagus.,CT,finding,oral enhancement,enhancement,1,False
ROCOv2_2023_train_000810,train,MRI scan showing a left cerebellar infarction.,MRI,finding,left cerebellar infarction,infarction,1,False
ROCOv2_2023_train_000811,train,Initial chest computed tomography scan revealing a mass of 31×26 mm in size in the left lower lobe and metastases in each lung.,CT,finding,mass,mass,2,False
ROCOv2_2023_train_000816,train,"CT scan at the time of admission taken at the level of the kidneys reveals bilateral hydronephrosis, the right greater than the left.",CT,finding,kidneys bilateral hydronephrosis,hydronephrosis,1,False
ROCOv2_2023_train_000818,train,A 29-year-old female patient with primary amenorrhea. Transvaginal ultrasound shows no uterine; red arrow: polycystic ovary tumor with clear boundary.,ultrasound,finding,polycystic ovary tumor,tumor,1,True
ROCOv2_2023_train_000824,train,"CT pulmonary angiography showing thrombus. CT pulmonary angiogram shows filling defects in descending branch of left pulmonary artery (arrow heads) extending up to segmental arteries, suggesting thrombus.",CT,finding,pulmonary thrombus,thrombus,2,True
ROCOv2_2023_train_000825,train,"Abdominal enhanced CT. Abdominal CT shows a heterogenous tumor (size, 5 × 4 cm) in the right testis (arrowheads).",CT,finding,heterogenous tumor,tumor,1,True
ROCOv2_2023_train_000829,train,Preoperative Radiographs Showing Unstable Distal End Radius Fracture,X-ray,finding,distal end radius fracture,fracture,1,False
ROCOv2_2023_train_000834,train,Oblique coronal view of contrast-enhanced CT shows the close relation between the mesenteric mass (arrowhead) and its extension towards the small bowel (arrow). Note the distended small bowel loops (*).,CT,finding,between mesenteric mass,mass,1,True
ROCOv2_2023_train_000839,train,Computed tomography demonstrating mediastinal tumour.,CT,finding,mediastinal tumour,tumour,1,False
ROCOv2_2023_train_000844,train,Parasternal long axis view in 2D echocardiogram showing calcification of the aortic root and the anterior leaflet of the mitral valve,ultrasound,finding,d echocardiogram calcification of the aortic root,calcification,1,False
ROCOv2_2023_train_000845,train,Sagittal CT image of the brain showing calcification in the globus pallidus,CT,finding,brain calcification in the globus pallidus,calcification,1,False
ROCOv2_2023_train_000857,train,Renal cell carcinoma with Mayo level II tumour thrombus and infrarenal bland thrombus. Coronal CT demonstrates occlusive enhancing tumour thrombus (arrow) extending from the right renal vein into the suprarenal IVC. Infrarenal IVC (arrowhead) and iliac vessels show no contrast enhancement and are expanded in keeping with bland thrombus,CT,finding,renal cell carcinoma,carcinoma,3,True
ROCOv2_2023_train_000858,train,"Adrenal cortical carcinoma invading IVC. Portal venous CT coronal image demonstrates a large adrenal cortical carcinoma (asterisk) with irregular margins, areas of necrosis and invasion of the IVC (arrow)",CT,finding,adrenal cortical carcinoma,carcinoma,1,True
ROCOv2_2023_train_000862,train,"Heart CT scan. A CT of the patient’s chest at the time of diagnosis. The patient was 2 month old. The size of the aneurysm was 3.9x3.4x3.4 cm. RA + RAA indicates aneurysmatic right atrium. RV indicates right ventricle, LA – left atrium, LV – left ventricle",CT,finding,size aneurysm,aneurysm,1,False
ROCOv2_2023_train_000867,train,"Transthoracic echocardiogram, right ventricle inflow view. Shows a right atrial vegetation or mass (arrow) that looks like tricuspid valve vegetation.RA: right atrium, RV: right ventricle.",ultrasound,finding,atrial vegetation mass,mass,1,True
ROCOv2_2023_train_000868,train,"Trans-esophageal echocardiography, mid-esophageal short-axis view. Demonstrates a bicuspid aortic valve (AV) with perforated leaflet (asterisk) and ruptured aortic root into right atrium (RA) forming Gerbode defect (arrow).LA: left atrium, RV: right ventricle.",ultrasound,finding,forming gerbode defect,defect,1,True
ROCOv2_2023_train_000871,train,Axial chest CT demonstrates movement of dye injected in subcutaneous fistula along posterior pleural space into cavity in posterior segment of right upper lobe. From the cavity dye entered in draining segmental bronchus thus confirming the presence of bronchopleurocutaneous fistula,CT,finding,injected subcutaneous fistula along posterior pleural space,fistula,2,False
ROCOv2_2023_train_000873,train,Enhanced CT before rIL-2 administration. A heterogeneous mass lesion with an enhancement effect filled the right nasal cavity.,CT,finding,heterogeneous mass,mass,4,False
ROCOv2_2023_train_000877,train,"Contrast enhanced CT, portal phase. Presence of bilateral mostly solid parenchymatous ovarian masses with poor contrast enhancement and regular and smooth margins. The scan shows no uterine abnormalities.",CT,finding,solid parenchymatous ovarian masses,masses,2,False
ROCOv2_2023_train_000879,train,"Transthoracic echocardiography image showing a mass in the intraventricular septum. RA right atrium, RV right ventricle, LV left ventricle, M mass",ultrasound,finding,mass in the intraventricular septum,mass,1,False
ROCOv2_2023_train_000884,train,A computed tomography angiogram shows stenosis of the superior mesenteric artery (arrow).,CT,finding,stenosis of the superior mesenteric artery,stenosis,1,True
ROCOv2_2023_train_000890,train,Abdominal computed tomography (CT) image of the patient. CT image of the patient showing decreased enhancement of both kidneys without wedge-shaped contrast media. There was no evidence of urolithiasis.,CT,finding,decreased enhancement of both kidneys without,enhancement,1,False
ROCOv2_2023_train_000896,train,Thyroid ultrasonography showing a 3.1 × 2.6 × 3.9 cm heterogeneous hypoechoic mass with calcification in the right lobe of the thyroid gland.,ultrasound,finding,cm heterogeneous hypoechoic mass,mass,2,False
ROCOv2_2023_train_000923,train,Computed tomography (CT) scan showing intrathoracal displacement of the cholecyst with three stones.,CT,finding,cholecyst three stones,stones,1,False
ROCOv2_2023_train_000929,train,Transthoracic echocardiography: an apical two chamber view showing two enormous intraventricular apical thrombi,ultrasound,finding,enormous intraventricular apical thrombi,thrombi,1,False
ROCOv2_2023_train_000930,train,Coronary angiography (RAO 16°/ CAU 25°) showing an occlusion of the left anterior descending coronary artery,angiography,finding,occlusion of the left anterior descending,occlusion,1,False
ROCOv2_2023_train_000932,train,"Axial MRI of the left shoulder revealed destruction of the humeral head, synovial hypertrophy, a large amount of joint effusion, and an irregular mass formation.",MRI,finding,amount joint effusion,effusion,2,False
ROCOv2_2023_train_000933,train,Thirty-year-old man with left extraforaminal disc herniation at the L3-4 level. Axial T1-weighted image of the disc level shows obvious focal eccentricity of the disc contour (arrow) in the left extraforaminal zone. The left exiting L3 nerve root (arrowhead) was compressed due to protruded disc material.,MRI,finding,left extraforaminal disc herniation at the l,herniation,1,True
ROCOv2_2023_train_000934,train,Sixty-five-year-old man with right foraminal and extraforaminal disc herniation at the L5-S1 level. Focal eccentricity or obvious asymmetry of the disc contour was indistinct on the axial T1-weighted image. The right exiting L5 nerve root (arrowhead) was compressed and displaced compared to the contralateral one (arrow).,MRI,finding,extraforaminal disc herniation at the l,herniation,1,True
ROCOv2_2023_train_000938,train,"Preoperative ultrasonography: 1.6 cm×0.6 cm in size, an isoechoic mass with a well-defined margin and fluid-containing lesion (yellow arrow) on the lateral side.",ultrasound,finding,isoechoic mass,mass,2,True
ROCOv2_2023_train_000940,train,"Abdominal and pelvic CT scan. A mass (arrow) was described as an “agglomerate of venous structures” involving a dilated right iliofemoral axis, but its tumor aetiology was not recognised. A nodule is observed but was reported as “thrombosed collateral circulation in the subcutaneous adipose plane of the ipsilateral inferior quadrant of the abdominal wall” (∗). The definitive diagnosis of primary venous leiomyosarcoma was obtained from a biopsy of the nodule.",CT,finding,mass,mass,3,True
ROCOv2_2023_train_000941,train,"Thoracic CT scan. Multiple micronodules are visualized in peripheral topography, more numerous at the right lung, where an 8 mm nodule can be identified in the apical segment of the inferior lobe, with topography and morphology suggestive of metastases.",CT,finding,where mm nodule,nodule,2,False
ROCOv2_2023_train_000947,train,Chest X-ray before discharge from the hospital. Chest X-ray showing normal lung field before discharge from the hospital.,X-ray,normal,,,0,False
ROCOv2_2023_train_000953,train,Postoperative computed tomography image of the mass. The tumor was completely removed.,CT,finding,mass,mass,2,False
ROCOv2_2023_train_000955,train,PET-CT scan of solitary malignant pulmonary nodule reflecting cancer growth as shining spot (SUVmax 5.0).,PET/CT,finding,solitary malignant pulmonary nodule,nodule,1,False
ROCOv2_2023_train_000956,train,Axial computed tomography image demonstrates healing of the fracture at 3 months postinjury,CT,finding,healing fracture,fracture,1,False
ROCOv2_2023_train_000957,train,CT-scan showing thrombosed portal vein aneurysm (white arrows) with thrombus extending to SMV (black arrows) and splenic vein (arrowheads).,CT,finding,thrombosed portal vein aneurysm,aneurysm,2,True
ROCOv2_2023_train_000958,train,CT-scan showing decreasing size of thrombus within portal vein aneurysm (white arrows) with diminished extension to SMV (black arrows) and SV (arrowheads).,CT,finding,decreasing size thrombus within portal vein aneurysm,thrombus,2,True
ROCOv2_2023_train_000959,train,Ultrasound Doppler showing gallbladder mass with high blood flow.,ultrasound,finding,gallbladder mass,mass,1,False
ROCOv2_2023_train_000960,train,"In magnetic resonance image, patellar surface lesion is interpreted to be grade II",MRI,finding,patellar surface lesion,lesion,1,False
ROCOv2_2023_train_000961,train,The grade III lesion of the medial tibial plateau in Fig. (2A) was interpreted to be grade II in magnetic resonance image. Grade I irregularity of the medial femoral condyle was not detected in MRI.,MRI,finding,grade iii lesion of the medial tibial plateau,lesion,1,False
ROCOv2_2023_train_000962,train,"Post contrast axial CT. Post contrast axial CT scan demonstrating a heterogeneous, well circumscribed lesion in the left pre-epiglottic space abutting the posterior surface of the hyoid bone at the junction of the body and the cornua.",CT,finding,well circumscribed lesion in the left pre-epiglottic space,lesion,1,False
ROCOv2_2023_train_000968,train,"Post-evacuation TEE demonstrating no residual DVSH and a widely patent LVOT. Key: DVSH—dissecting ventricular septal hematoma, LVOT—left ventricular outflow tract, TEE—transesophageal echocardiogram.",ultrasound,finding,dissecting ventricular septal hematoma,hematoma,1,False
ROCOv2_2023_train_000971,train,Computed tomography showing mediastinal lymphadenopathy.,CT,finding,mediastinal lymphadenopathy,lymphadenopathy,1,False
ROCOv2_2023_train_000978,train,Follow-up 15 months CT-angiography showing deterioration of penetrating aortic ulcer and crashing of stent in left subclavian artery.,CT,finding,penetrating aortic ulcer,ulcer,1,False
ROCOv2_2023_train_000979,train,"Duplication cyst.On these coronal T2-weighted MR images, at lateral wall of 2nd portion of duodenum medial to gallbladder, smooth, thin-walled cystic structure (arrow) was noted. Duplication cysts are often encountered incidentally and may cause obstruction and pancreatitis because of their critical location. With MRI, cystic nature and relationship with adjacent structures can be revealed. Duplication cysts need to be differentiated from other cystic lesions (such as choledochal cysts and pancreatic pseudocysts) that may be seen in this location.",MRI,finding,duplication cyst,cyst,3,True
ROCOv2_2023_train_000980,train,"External compression of duodenum by hydatid cyst.On T2-weighted axial MR image, multiloculated, thick-walled cystic lesion with internal septations is seen at level of pancreatic head-neck junction (white arrow). Lesion slightly compresses duodenum (black arrow) medially from right.",MRI,finding,duodenum hydatid cyst,cyst,2,True
ROCOv2_2023_train_000981,train,"Two dimensional CT-scan. Within the spleen there is a fluid collection with signs of gas formation that is suggestive for a splenic abscess. Moreover, there is left sided pleural effusion.",CT,finding,splenic abscess,abscess,2,False
ROCOv2_2023_train_000994,train,Diagnostic coronary angiography demonstrated an unobstructed left anterior descending coronary artery (white arrow) and distal occlusion of a nondominant left circumflex coronary artery (black arrowhead). The dominant right coronary artery (not shown) was normal.,angiography,finding,distal occlusion of a nondominant left,occlusion,1,True
ROCOv2_2023_train_000997,train,Magnetic resonance imaging (MRI). Fluid-attenuated inversion recovery (FLAIR) sequence shows the encephalomalacia from the right middle cerebral artery (MCA) infarct.,MRI,finding,infarct,infarct,1,False
ROCOv2_2023_train_000998,train,Abdominal computed tomography scan shows heterogeneous wall thickening of the remnant stomach.,CT,finding,heterogeneous wall thickening of the remnant stomach,thickening,1,False
ROCOv2_2023_train_000999,train,CXR: left lung cyst (red arrows).,X-ray,finding,left lung cyst,cyst,1,True
ROCOv2_2023_train_001005,train,"CT orbits demonstrating irregularity to left optic nerve and adjacent fat stranding. Unenhanced CT orbit study demonstrates shaggy irregularity of the distal left optic nerve, which is enlarged compared to the right. Surrounding mild fat stranding is also evident. Minor preseptal soft tissue swelling is apparent with tracking of a thin hematoma along the lateral left orbital wall. The globes are intact, and no additional traumatic injury is visualized.",CT,finding,thin hematoma along the lateral left orbital,hematoma,1,False
ROCOv2_2023_train_001008,train,Brain lesion in computed tomography (CT). Low-density areas (arrows) in the right putamen and temporal lobe are observed.,CT,finding,brain lesion in computed tomography,lesion,1,True
ROCOv2_2023_train_001009,train,"A 27-year-old man (case 5) presented with epigastric discomfort. White blood cell count was 44,100/mm3, with 85% eosinophilia. CT scan obtained using a conventional technique shows multiple, well- or ill-defined, round, oval or wedge-shaped low-attenuated lesions of both lobes of the liver. Note the presence of a segmental lesion in the posterior part of the lateral segment of the left hepatic lobe (arrows). Liver biopsy revealed portal and periportal eosinophilic infiltration (not shown).",CT,finding,wedge-shaped low-attenuated lesions of both lobes of,lesions,2,True
ROCOv2_2023_train_001010,train,"A 50-year-old woman (case 3) presented with fever and chill. White blood cell count was 12,180/mm3, with 28% eosinophilia. CT scan obtained using a conventional technique shows multiseptated, lobulated, low-attenuated lesions with peripheral enhancement in the anterior segment of the right hepatic lobe. Biopsy disclosed periportal eosinophilic infiltration and eosinophilic abscess (not shown).",CT,finding,low-attenuated lesions,lesions,3,False
ROCOv2_2023_train_001014,train,Ultrasonographic representation of the right lobar hepatic abscess,ultrasound,finding,right lobar hepatic abscess,abscess,1,False
ROCOv2_2023_train_001015,train,Abdominal radiography showing right upper quadrant mass enlargement.,X-ray,finding,right upper quadrant mass,mass,2,False
ROCOv2_2023_train_001016,train,Ultrasonography shows dilated fluid-filled loops of bowel within a herniating mass.,ultrasound,finding,within herniating mass,mass,1,False
ROCOv2_2023_train_001018,train,Coronal CT image of the abdomen shows dilated small bowel loops and air-fluid level with herniating mass. Gestational uterus is also seen.,CT,finding,level herniating mass,mass,1,False
ROCOv2_2023_train_001020,train,Preoperative 18 F-fluorodeoxyglucose (FDG)-positron emission tomography/computed tomography (PET/CT) findings. FDG-PET/CT revealed mottled FDG uptake in the whole cyst wall (white arrows) and intense FDG uptake of several mural nodules (red arrow’s head),PET/CT,finding,whole cyst,cyst,2,True
ROCOv2_2023_train_001021,train,"Parasternal long axis view of patient’s transthoracic echocardiogram. The heart is seen surrounded by a very large pericardial effusion (asterisk), with features of tamponade including severe collapse of the right ventricle (white arrow) and the left atrium (yellow arrow)",ultrasound,finding,very pericardial effusion,effusion,1,True
ROCOv2_2023_train_001023,train,Cardiac MRI.Cardiac MRI showing near-transmural delayed enhancement and nulled area within the delayed enhancement in the basal inferior wall due to a recent ablation procedure. Red arrow points to the nulled area.MRI: magnetic resonance imaging,MRI,finding,near-transmural delayed enhancement,enhancement,1,True
ROCOv2_2023_train_001026,train,A chest X-ray of a patient with a CD4 count <200/mm3 showing perihilar ground-glass appearance in the shape of bats-wings,X-ray,finding,mm perihilar ground-glass,ground-glass,1,False
ROCOv2_2023_train_001027,train,"Pneumocystis carinii pneumonia. If left untreated, chest X-ray may progress to alveolar consolidation in 3 or 4 days. Infiltrates clear within 2 weeks, but in a proportion infection will be followed by coarse reticular opacification and fibrosis. Note the large cyst (arrow)",X-ray,finding,pneumocystis carinii pneumonia,pneumonia,4,True
ROCOv2_2023_train_001028,train,Pneumocystis carinii pneumonia. Chest X-ray showing an approximately 50% right-sided spontaneous pneumothorax,X-ray,finding,pneumocystis carinii pneumonia,pneumonia,2,False
ROCOv2_2023_train_001030,train,Pneumocystis carinii pneumonia. Chest X-ray shows atypical features of upper lobe focal reticulation associated with minor ground-glass appearance,X-ray,finding,pneumocystis carinii pneumonia,pneumonia,2,False
ROCOv2_2023_train_001031,train,Pneumocystis carinii pneumonia atypical features. Chest X-ray shows focal consolidation of the left lung base,X-ray,finding,pneumocystis carinii pneumonia,pneumonia,2,False
ROCOv2_2023_train_001032,train,"Mycobacterium tuberculosis (TB). TB mediastinal lymph nodes are typically markedly enlarged and of low attenuation on computed tomography, often demonstrating rim enhancement following contrast administration, as in this case",CT,finding,often rim enhancement,enhancement,1,False
ROCOv2_2023_train_001033,train,“Primary” Mycobacterium tuberculosis. Chest X-ray shows right upper lobe and left midzone consolidation and adenopathy. Note lack of cavitation in this patient with a low CD4 count,X-ray,finding,left midzone consolidation,consolidation,2,False
ROCOv2_2023_train_001035,train,Cryptococcosis. Chest X-ray shows a less-frequently seen cavitation due to Cryptococcosis in an acquired immunodeficiency syndrome patient,X-ray,finding,less-frequently cavitation,cavitation,1,False
ROCOv2_2023_train_001036,train,"Aspergillosis. Mycetomas are the least common, but can complicate cavitary Mycobacterium tuberculosis or Pneumocystis carinii pneumonia. The computed tomography here represents a mycetoma in a tuberculous cavity. Note the traction bronchiectasis and loss of volume in the left upper zone",CT,finding,pneumocystis carinii pneumonia,pneumonia,2,False
ROCOv2_2023_train_001038,train,Aspergillosis. Less-common patterns include computed tomography nodules (arrow) with a peripheral halo of ground-glass attenuation (not shown),CT,finding,include nodules,nodules,2,True
ROCOv2_2023_train_001039,train,"Aspergillosis. ABPA chest X-ray (CXR), manifesting as bilateral consolidation, mostly lower lobe, bronchiectasis and airway impaction or “finger in glove.” The consolidation in the CXR shown is much more diffuse",X-ray,finding,manifesting bilateral consolidation,consolidation,1,False
ROCOv2_2023_train_001041,train,"Lymphoma. Chest X-ray (CXR) on a human immunodeficiency virus patient that presented with multiple lung masses, which grew rapidly mimicking infection. Note that there is no associated lymphadenopathy. Well-defined solitary or multiple parenchymal nodules CXR are common. A percutaneous biopsy revealed a non-Hodgkin’s lymphoma",X-ray,finding,lymphoma,lymphoma,3,False
ROCOv2_2023_train_001042,train,"Bronchogenic carcinoma. Radiographic appearances are similar to ordinary lung cancer, except that lesions tend to be more peripheral and in the upper lobes as in this case (black arrow). Note the right hilar lymphadenopathy (white arrow)",X-ray,finding,bronchogenic carcinoma,carcinoma,3,True
ROCOv2_2023_train_001043,train,"Lymphocytic interstitial pneumonitis in a human immunodeficiency virus patient. High-resolution computed tomography shows smooth and nodular thickening of bronchovascular bundles, centrilobular and subpleural nodularity, ground-glass opacification and interlobular septal thickening. Cysts and mediastinal adenopathy may also be seen (not shown here)",CT,finding,smooth nodular thickening of bronchovascular bundles,thickening,3,False
ROCOv2_2023_train_001044,train,"Anterioposterior chest radiograph on a 43-year-old man treated with highly active antiretroviral therapy for over 8 years who presented with increasing shortness of breath over the past 3 months that had suddenly worsened, prompting hospital admission. The chest X-ray shows features of pulmonary edema. Subsequent investigations revealed congestive cardiomyopathy",X-ray,finding,features pulmonary edema,edema,1,False
ROCOv2_2023_train_001045,train,Axial T2-weighted magnetic resonance imaging scan at the T1 spinal level showing a hypointense mass surrounded by an isointense signal severely compressing the spinal cord on the left side.,MRI,finding,hypointense mass,mass,1,False
ROCOv2_2023_train_001046,train,A sagittal CT scan (abdomen and pelvis) depicting an exorbitant mass (arrow) compressing the surrounding abdominal structures.,CT,finding,depicting exorbitant mass,mass,1,True
ROCOv2_2023_train_001047,train,An axial CT scan (abdomen and pelvis) delineating an exorbitant mass (arrow) occupying the entire abdomen and pelvis.,CT,finding,delineating exorbitant mass,mass,1,True
ROCOv2_2023_train_001048,train,"Chest x-ray at first clinical evaluation, initial chest x-ray showing diffuse calcifications, predominantly in the upper part of the lungs.",X-ray,finding,diffuse calcifications,calcifications,1,False
ROCOv2_2023_train_001049,train,"lateral view X-ray Right foot, shows features of cortical erosion and central cavitation consistent with chronic osteomyelitis in the calcaneum bone",X-ray,finding,erosion central cavitation,cavitation,2,False
ROCOv2_2023_train_001056,train,T1-weighted contrast enhancement magnetic resonance imaging scan of Case 1.,MRI,finding,t enhancement,enhancement,1,False
ROCOv2_2023_train_001057,train,Diffusion weighted imaging of the magnetic resonance axial images showed high signal of the right basal ganglia and corona radiata indicating acute ischemic infarction (arrow),MRI,finding,indicating acute ischemic infarction,infarction,1,True
ROCOv2_2023_train_001058,train,MRI: Heterogeneous mass of the left parotid lodge,MRI,finding,heterogeneous mass of the left parotid lodge,mass,1,False
ROCOv2_2023_train_001073,train,Cross-sectional view on echocardiogram suggesting the presence of a thrombus in the left pulmonary artery.,ultrasound,finding,presence thrombus in the left pulmonary artery,thrombus,1,False
ROCOv2_2023_train_001077,train,Figure 1:MRI showing dilated cavity in continuity with hydrosalpinx (arrows),MRI,finding,dilated cavity in continuity,cavity,1,True
ROCOv2_2023_train_001081,train,"Transoesophageal Echocardiography illustrating the pseudoaneurysma (arrow) of the left ventricular outflow tract and the thickening of the aortic root (arrowheads). LA denotes left atrium, LVOT left ventricular outflow tract, Ao Aorta.",ultrasound,finding,tract thickening of the aortic root,thickening,1,True
ROCOv2_2023_train_001088,train,Brain MRI of the patient with adult form of MLD 'arrows' indicate the lesions of the white matter.,MRI,finding,indicate lesions of the white matter,lesions,1,True
ROCOv2_2023_train_001089,train,CT chest showing multifocal pneumonia and cavitary lesion.,CT,finding,multifocal pneumonia,pneumonia,2,False
ROCOv2_2023_train_001090,train,MRI showed a small arachnoid cyst in the left posterior fossa of the left cerebellar hemisphere,MRI,finding,small arachnoid cyst in the left posterior fossa,cyst,1,False
ROCOv2_2023_train_001102,train,Ultrasonographic appearance of a normal lymph node (type 1). This lymph node (arrow) shows thin C-shaped low echoic cortex and regular cortex.,ultrasound,normal,,,0,True
ROCOv2_2023_train_001118,train,Normal chest X-ray on admission (22/09/2020),X-ray,normal,,,0,False
ROCOv2_2023_train_001119,train,Normal Chest X-ray 26 hours post admission (24/09/2020),X-ray,normal,,,0,False
ROCOv2_2023_train_001215,train,Single‐shot fast spin‐echo (SSFSE) black‐blood image in a high transverse orientation in a normal fetus. This corresponds to the standard ‘three‐vessel view’ in fetal echocardiography showing the V‐shaped connection between arterial duct (+) and the aorta (*) adjacent to the superior caval vein (S). The thymus gland is seen anteriorly (T),ultrasound,normal,,,0,False
ROCOv2_2023_train_001216,train,"Postnatal MRI of the same patient at 5 months of age. No postnatal interventions have been performed. Despite prenatal findings, there is only mild coarctation, with isthmal hypoplasia and a posterior shelf at the point of insertion of the ductal ligament (+) (a vestige of the fetal arterial duct). The proximal aortic arch is within normal limits (*)",MRI,normal,,,0,False
ROCOv2_2023_train_001354,train,Follow-up chest film at 3 months after treatment. Mediastinum and both hilar nodes appeared normal. Note a decrease in size of superior mediastinal node (5.2 cm) and both hilar nodes (2.0 × 5.9 and 4 × 2 cm).,X-ray,normal,,,0,False
ROCOv2_2023_train_001410,train,"Chest-x-ray demonstrating unusual course of Swan-Ganz catheter (arrows) with its distal end in the proximal pulmonary artery. Note the course of the catheter into the heart on the left side of the spine, rather than the right side via the normal anatomic position of the superior vena cava.",X-ray,normal,,,0,True
ROCOv2_2023_train_001620,train,Chest X-ray view shows normal findings.,X-ray,normal,,,0,False
ROCOv2_2023_train_001848,train,"A 54-year-old female normal volunteer.Sagittal oblique, T1-weighted image (TR/TE = 550 ms/15 ms) shows that the distinct fatty tissue surrounding the CHL had disappeared , and the CHL could not be measured (arrows).",MRI,normal,,,0,True
ROCOv2_2023_train_001910,train,Unremarkable plain abdominal radiograph.,X-ray,normal,,,0,False
ROCOv2_2023_train_002000,train,Normal CXR CXR: chest X-ray,X-ray,normal,,,0,False
ROCOv2_2023_train_002011,train,"Aortic angiogram: left main stem subocclusion, aortic wall ulcerations, and normal aortic dimension.",angiography,normal,,,0,False
ROCOv2_2023_train_002020,train,A 3D image of the CT after excisional biopsy. A scar was present within the axilla but outside the normal milk line (arrowhead),CT,normal,,,0,True
ROCOv2_2023_train_002048,train,"Computed tomography revealed no cystic structure in lesion area, with a relatively normal morphology of adrenal gland (white arrow) and pancreas (black arrows).",CT,normal,,,0,True
ROCOv2_2023_train_002061,train,Flat upright X-ray that shows normal chest and scoliosis in thoracolumbar region.,X-ray,normal,,,0,False
ROCOv2_2023_train_002344,train,Axial contrast-enhanced CT image shows a normalappearing truncated head with a normal-appearing uncinate process (black arrow),CT,normal,,,0,True
ROCOv2_2023_train_002367,train,"Contrast cholangiogram via dual, split lumen catheter. The efferent catheter limb drapes the biliary confluence (small arrow), and the afferent catheter limb is in the duodenal lumen (round tip arrow). Normal caliber of the intrahepatic radicles (large arrow) with contrast within the duodenum (long arrow) is noted indicating biliary decompression and bile deposited in the bowel.",angiography,normal,,,0,True
ROCOv2_2023_train_002387,train,Anteroposterior radiograph of the pelvis showing right sacroiliitis. The left sacroiliac joint is normal.,X-ray,normal,,,0,False
ROCOv2_2023_train_002524,train,CT scan of the abdomen/pelvis at 4 months post op showing a normal-looking bladder with right double J stent in place.,CT,normal,,,0,False
ROCOv2_2023_train_002795,train,"Cervical spine magnetic resonance imaging (1.5 Tesla). Sagittal T2 section, demonstrating normal spinal cord and dural canal in the neutral position",MRI,normal,,,0,False
ROCOv2_2023_train_002799,train,"At the magnetic resonance imaging, pituitary microinfarcts in an enlarged gland were shown; the hypophyseal stalk was normal, and the neurohypophyseal ‘bright signal’ in T1 sequences was undetectable.",MRI,normal,,,0,False
ROCOv2_2023_train_002907,train,1 month post–operative radiograph of the pelvis showing normal head of the femur.,X-ray,normal,,,0,False
ROCOv2_2023_train_002963,train,Coronary angiography performed at left anterior oblique projection shows that the middle LAD returns to normal during diastole.,angiography,normal,,,0,False
ROCOv2_2023_train_003060,train,Postoperative plain X-ray of the cervical spine-lateral view showing normal alignment of spine.,X-ray,normal,,,0,False
ROCOv2_2023_train_003294,train,"CT abdomen showing large volume ascites, with normal bowels and no evidence of obstruction.",CT,normal,,,0,False
ROCOv2_2023_train_003414,train,Peripheral MR Angiography was normal.,MRI,normal,,,0,False
ROCOv2_2023_train_003448,train,Ultrasound appearance of a normal bowel loop.,ultrasound,normal,,,0,False
ROCOv2_2023_train_003456,train,Transvaginal ultrasound of a normal ureter during peristalsis. Notice the flow of urine into the bladder.,ultrasound,normal,,,0,False
ROCOv2_2023_train_003457,train,Transvaginal ultrasound of the bladder showing the ureter and the JJ stent in a normal position. (+ sign in the figure plays the role of a pointer to highlight a specific feature).,ultrasound,normal,,,0,False
ROCOv2_2023_train_003641,train,Ultrasound scan shows normal thymus (as shown by white arrows) in the thoracic inlet deep to sternum (red arrow) and no movement of the normal thymus appreciated when patient was crying,ultrasound,normal,,,0,True
ROCOv2_2023_train_003692,train,Right ventricular angiography 2008: Description: normal anatomic pulmonary artery.,angiography,normal,,,0,False
ROCOv2_2023_train_003703,train,Six months follow-up chest X-ray showing nearly normal size of heart.,X-ray,normal,,,0,False
ROCOv2_2023_train_003730,train,Orthopantomogram showing normal bone morphology.,X-ray,normal,,,0,False
ROCOv2_2023_train_003813,train,Celiac artery angiogram revealed a normal variation of the vessel.,angiography,normal,,,0,False
ROCOv2_2023_train_003920,train,Subclavian artery angiography in RAO 25 degree obliquity. The Wallgraft has been successfully deployed. The right internal mammary artery and the right vertebral artery are occluded. The right common carotid artery is patent and normal in appearance.,angiography,normal,,,0,False
ROCOv2_2023_train_004061,train,Tricuspid insufficiency grade II–III with a morphological normal valve at initial investigation with transthoracic echocardiography.,ultrasound,normal,,,0,False
ROCOv2_2023_train_004247,train,Postoperative MRI (Coronal T2-weighted image) showing a pelvic kidney with a normal nephrogram and the surrounding fatty tissue,MRI,normal,,,0,False
ROCOv2_2023_train_004291,train,Postoperative T-tube cholangiogram illustrating normal duodenal filling with no visible bile duct filling defect.,angiography,normal,,,0,False
ROCOv2_2023_train_004428,train,Routine surveillance CT demonstrating no evidence of metastatic disease of the right ovary. Axial non-contrast CT obtained 36 months before ablation demonstrates normal right adnexal structures with a right ovary measuring approximately 2.5 cm.,CT,normal,,,0,False
ROCOv2_2023_train_004608,train,X-ray bilateral sacroiliac view showing left-sided sacroiliitis with fetus in-situ. The arrow shows left-sided sacroiliac joints (affected side) contrasted with normal right-sided sacroiliac joint.,X-ray,normal,,,0,True
ROCOv2_2023_train_004629,train,Ultrasound picture of the testis showed normal echogenicity without any abnormality.,ultrasound,normal,,,0,False
ROCOv2_2023_train_004722,train,CT of the abdomen showing prominent splenomegaly measuring 15.9 cm (normal: ≤12 cm) along the anteroposterior diameter.,CT,normal,,,0,False
ROCOv2_2023_train_004838,train,"MRI brain fluid-attenuated inversion-recovery (FLAIR) post-contrast image showing normal both orbits and optic nerves, without any significant enhancement.",MRI,normal,,,0,False
ROCOv2_2023_train_004883,train,Magnetic resonance angiography of lower limbs. Magnetic resonance angiography showed a normal peripheral arterial supply to both lower limbs.,MRI,normal,,,0,False
ROCOv2_2023_train_004951,train,CT scan of abdomen and pelvis with intravenous contrast showing contused right adrenal gland ( yellow arrow) and normal left adrenal with fatty hilum (green arrow),CT,normal,,,0,True
ROCOv2_2023_train_005016,train,CT scan of the acromioclavicular joint demonstrating distal clavicle osteolysis compared to a normal joint.,CT,normal,,,0,False
ROCOv2_2023_train_005205,train,Enlarged perihepatic lymph nodes dorsal in the hepatoduodenal ligament is a typical sonographic sign of autoimmune hepatitis. Contrast enhanced ultrasound shows normal lymph node architecture (in between arrows).,ultrasound,normal,,,0,True
ROCOv2_2023_train_005282,train,CT abdomen pelvis showing normal appearing pancreas (red arrow) with no hematoma around.,CT,normal,,,0,True
ROCOv2_2023_train_005335,train,Previous Chest radiograph with a discontinuous left lower posterior 9th rib. Note the normal left hemidiaphragm.,X-ray,normal,,,0,False
